,Age,Gender,DistanceFromHome,EducationField,MaritalStatus,JobRole,Department,EnvironmentSatisfaction,JobSatisfaction,WorkLifeBalance,StockOptionLevel,TotalWorkingYears,YearsInCurrentRole,NumCompaniesWorked,PercentSalaryHike,DailyRate,MonthlyIncome,Attrition
0,41,2,1,1,1,1,1,2,4,1,0,8,4,8,11,1102.0,5993.0,0
1,49,1,8,1,2,2,2,3,2,3,1,10,7,1,23,279.0,5130.0,1
2,37,1,2,3,1,3,2,4,3,3,0,7,0,6,15,1373.0,2090.0,0
3,33,2,3,1,2,2,2,4,3,3,0,8,7,1,11,1392.0,2909.0,1
4,27,1,2,2,2,3,2,1,2,3,1,6,2,9,12,591.0,3468.0,1
5,32,1,2,1,1,3,2,4,4,2,0,8,7,0,13,1005.0,3068.0,1
6,59,2,3,2,2,3,2,3,1,2,3,12,0,4,20,1324.0,2670.0,1
7,30,1,24,1,3,3,2,4,3,3,1,1,0,1,22,1358.0,2693.0,1
8,38,1,23,1,1,4,2,4,3,3,0,10,7,0,21,216.0,9526.0,1
9,36,1,27,2,2,5,2,3,3,2,2,17,7,6,13,1299.0,5237.0,1
10,35,1,16,2,2,3,2,1,2,3,1,6,4,0,13,809.0,2426.0,1
11,29,2,15,1,1,3,2,4,3,3,0,10,5,0,12,153.0,4193.0,1
12,31,1,26,1,3,2,2,1,3,2,1,5,2,1,17,670.0,2911.0,1
13,34,1,19,2,3,3,2,2,4,3,1,3,2,0,11,1346.0,2661.0,1
14,28,1,24,1,1,3,2,3,3,3,0,6,2,5,14,103.0,2028.0,0
15,29,2,21,1,3,4,2,2,1,3,1,10,9,1,11,1389.0,9980.0,1
16,32,1,5,1,3,2,2,1,2,2,2,7,2,0,12,334.0,3298.0,1
17,22,1,16,2,3,3,2,4,4,2,2,1,0,1,13,1123.0,2935.0,1
18,53,2,2,1,2,6,1,1,4,3,0,31,8,2,16,1219.0,15427.0,1
19,38,1,2,1,1,2,2,4,4,3,0,6,2,5,11,371.0,3944.0,1
20,24,2,11,3,3,4,2,1,3,2,1,5,2,0,18,673.0,4011.0,1
21,36,1,9,1,1,7,1,3,1,3,0,10,3,7,23,1218.0,3407.0,0
22,34,2,7,1,1,8,2,1,2,3,0,13,6,0,11,419.0,11994.0,1
23,21,1,15,1,1,2,2,3,4,3,0,0,0,1,14,391.0,1232.0,1
24,34,1,6,2,1,2,2,2,1,3,0,8,2,2,11,699.0,2960.0,0
26,32,2,16,1,1,2,2,2,1,3,0,10,2,1,22,1125.0,3919.0,0
27,42,1,8,4,2,1,1,3,2,3,1,10,7,0,11,691.0,6825.0,1
28,44,2,7,2,2,5,2,1,4,3,1,24,6,3,14,477.0,10248.0,1
30,33,1,2,2,1,3,2,3,4,3,0,7,1,4,11,924.0,2496.0,1
31,44,1,10,3,2,5,2,4,4,4,0,9,2,2,13,1459.0,6465.0,1
32,30,1,9,2,1,3,2,4,3,3,0,10,0,1,13,125.0,2206.0,1
33,39,1,5,5,2,7,1,4,4,4,1,19,0,3,14,895.0,2086.0,0
34,24,1,1,2,2,2,2,2,4,2,1,6,0,2,16,813.0,2293.0,0
35,43,2,2,2,3,2,2,4,3,2,2,6,3,1,12,1273.0,2645.0,1
36,50,1,3,4,2,7,1,1,3,3,0,3,2,1,14,869.0,2683.0,0
37,35,2,2,4,2,7,1,4,4,3,0,2,2,1,13,890.0,2014.0,1
38,36,2,5,1,2,2,2,2,1,4,1,6,1,9,14,852.0,3419.0,1
39,33,2,1,1,2,1,1,3,1,3,2,10,3,2,19,1141.0,5376.0,1
40,35,1,4,3,3,3,2,3,4,3,1,1,0,1,12,464.0,1951.0,1
41,27,2,2,1,3,3,2,4,1,3,1,1,0,1,13,1240.0,2341.0,1
42,26,1,25,1,1,3,2,1,3,2,0,1,0,1,12,1357.0,2293.0,0
43,27,1,8,1,1,1,1,4,3,3,0,9,8,1,15,994.0,8726.0,1
44,30,2,1,2,1,3,2,3,4,3,0,12,8,1,23,721.0,4011.0,1
46,34,1,23,4,1,1,1,2,3,3,0,10,5,0,20,1065.0,4568.0,1
47,37,1,19,1,2,2,2,2,2,3,0,8,0,4,21,408.0,3022.0,1
48,46,1,5,4,1,1,1,1,4,3,0,14,6,4,21,1211.0,5772.0,1
49,35,1,8,1,2,3,2,4,4,3,0,1,0,1,19,1229.0,2269.0,1
50,48,1,1,1,1,3,2,1,3,3,0,23,0,9,13,626.0,5381.0,0
51,28,1,5,5,1,3,2,3,3,2,0,2,2,1,13,1434.0,3441.0,0
52,44,2,1,4,3,1,1,2,1,2,1,9,3,5,21,1488.0,5454.0,1
53,35,1,11,2,2,5,2,3,1,3,1,10,0,2,13,1097.0,9884.0,1
54,26,2,23,4,2,1,1,3,4,2,1,5,2,7,19,1443.0,4157.0,1
55,33,2,1,1,1,8,2,1,4,3,0,15,14,1,12,515.0,13458.0,1
56,35,1,18,1,2,1,1,2,1,2,1,9,8,1,22,853.0,9069.0,1
57,35,2,23,2,2,3,2,3,1,3,1,4,2,3,15,1142.0,4014.0,1
58,31,1,7,1,3,3,2,4,4,2,1,10,7,3,22,655.0,5915.0,1
59,37,1,1,1,3,4,2,1,3,4,1,7,5,1,18,1115.0,5993.0,1
60,32,1,1,2,2,4,2,1,4,3,1,9,8,1,22,427.0,6162.0,1
61,38,2,29,1,1,3,2,4,4,3,0,10,3,1,11,653.0,2406.0,1
63,59,2,25,1,1,1,1,1,1,2,0,28,16,7,11,1435.0,7637.0,1
64,36,2,8,5,3,5,2,3,3,3,3,17,14,1,13,1223.0,10096.0,1
65,55,2,8,2,3,6,2,4,3,3,3,21,0,2,14,836.0,14756.0,1
66,36,1,11,1,1,4,2,2,2,3,0,6,5,1,13,1195.0,6499.0,1
67,45,1,7,1,3,2,2,2,1,3,1,25,0,2,17,1339.0,9724.0,1
68,35,1,1,2,2,2,2,2,1,2,1,5,2,4,13,664.0,2194.0,1
69,36,1,9,2,2,2,2,4,3,2,1,2,0,0,17,318.0,3388.0,0
70,59,2,1,1,1,1,1,1,3,2,0,20,3,7,11,1225.0,5473.0,1
71,29,1,2,1,2,2,2,3,2,3,1,6,4,0,23,1328.0,2703.0,1
72,31,1,1,2,1,2,2,3,2,3,0,1,1,1,17,1082.0,2501.0,1
73,32,1,1,1,2,2,2,2,2,3,2,10,4,1,17,548.0,6220.0,1
74,36,2,6,1,2,3,2,2,4,3,0,5,0,3,12,132.0,3038.0,1
75,31,2,8,1,1,4,2,3,4,3,0,11,7,1,23,746.0,4424.0,1
76,35,1,1,4,1,1,1,3,1,3,0,16,13,0,14,776.0,4312.0,1
77,45,1,6,3,2,8,2,4,1,4,0,17,0,4,14,193.0,13245.0,1
78,37,1,7,2,1,8,2,1,3,4,0,16,2,4,13,397.0,13664.0,1
79,46,1,5,2,3,9,3,2,2,3,1,16,2,8,22,945.0,5021.0,1
80,30,1,1,1,2,3,2,4,4,2,2,10,8,1,12,852.0,5126.0,1
81,35,1,1,2,1,2,2,2,3,3,0,6,4,1,18,1214.0,2859.0,1
82,55,1,1,1,2,1,1,1,4,3,1,24,0,3,14,111.0,10239.0,1
83,38,2,6,2,3,2,2,2,4,3,3,17,11,7,12,573.0,5329.0,1
84,34,1,1,2,2,4,2,1,2,3,0,5,2,1,15,1153.0,4325.0,1
85,56,1,7,1,1,4,2,4,4,2,0,37,4,4,11,1400.0,7260.0,1
86,23,1,2,5,3,7,1,3,1,3,1,3,0,3,13,541.0,2322.0,1
87,51,1,9,1,2,3,2,4,4,3,2,10,2,3,23,432.0,2075.0,1
88,30,1,2,1,2,5,2,3,4,3,3,11,10,1,19,288.0,4152.0,1
89,46,1,9,2,1,1,1,3,4,3,0,9,8,1,16,669.0,9619.0,0
90,40,1,1,1,2,5,2,3,2,2,1,22,3,1,22,530.0,13503.0,1
91,51,1,21,4,1,1,1,3,4,1,0,11,7,0,22,632.0,5441.0,1
92,30,2,4,2,3,1,1,3,2,2,3,11,8,1,12,1334.0,5209.0,1
93,46,1,1,2,2,5,2,3,1,2,1,21,9,2,13,638.0,10673.0,1
94,32,1,6,2,1,1,1,2,3,3,0,12,8,1,16,1093.0,5010.0,1
95,54,2,2,5,2,8,2,1,3,1,1,16,3,9,12,1217.0,13549.0,1
96,24,2,3,3,2,1,1,1,3,2,1,4,2,0,21,1353.0,4999.0,1
97,28,1,4,2,2,1,1,2,3,4,0,5,4,1,15,120.0,4221.0,1
98,58,1,10,2,1,1,1,4,3,2,0,38,10,0,13,682.0,13872.0,1
99,44,1,23,2,2,3,2,2,2,4,1,17,2,4,12,489.0,2042.0,1
100,37,1,6,6,3,9,3,3,1,3,0,7,2,4,22,807.0,2073.0,0
101,32,1,1,1,1,2,2,4,1,3,0,1,0,1,13,827.0,2956.0,1
102,20,2,6,1,1,3,2,4,4,3,0,1,0,1,18,871.0,2926.0,0
103,34,2,6,3,1,2,2,1,3,3,0,16,13,1,14,665.0,4809.0,1
104,37,1,2,1,3,5,2,3,4,4,1,17,0,5,14,1040.0,5163.0,1
107,25,1,5,4,1,1,1,3,3,3,0,6,4,1,11,240.0,5744.0,0
108,25,1,7,2,2,2,2,4,4,3,2,2,2,1,11,1280.0,2889.0,1
109,22,2,15,2,1,3,2,2,4,3,0,1,0,1,15,534.0,2871.0,1
110,51,2,1,2,1,5,2,1,1,2,0,23,12,3,20,1456.0,7484.0,1
111,34,1,7,1,1,3,2,1,3,3,0,9,7,1,24,658.0,6074.0,0
113,24,1,18,1,2,3,2,2,3,3,1,6,3,0,12,1127.0,2774.0,1
114,34,2,6,1,3,2,2,3,2,3,1,12,0,6,15,1031.0,4505.0,1
115,37,1,3,1,1,1,1,3,4,3,0,12,3,2,12,1189.0,7428.0,1
116,34,2,5,2,1,6,2,3,1,3,0,14,10,2,12,1354.0,11631.0,1
117,36,2,11,5,2,1,1,2,4,3,1,10,7,0,14,1467.0,9738.0,1
118,36,2,3,1,3,3,2,1,4,3,1,7,0,5,22,922.0,2835.0,1
119,43,1,26,1,2,6,1,3,4,4,2,25,12,1,12,394.0,16959.0,1
120,30,1,23,1,3,2,2,1,3,2,3,10,7,1,25,1312.0,2613.0,1
121,33,1,22,4,2,1,1,3,2,4,1,8,7,0,13,750.0,6146.0,1
122,56,2,14,1,2,2,2,2,2,3,3,7,4,9,18,441.0,4963.0,0
124,31,1,6,1,2,1,1,2,3,2,0,12,7,4,18,249.0,6172.0,0
125,26,2,6,3,2,2,2,3,2,2,0,5,4,1,19,841.0,2368.0,1
126,58,2,23,2,2,5,2,4,4,2,1,40,10,1,12,147.0,10312.0,0
127,19,1,22,4,1,7,1,4,3,2,0,0,0,1,19,528.0,1675.0,0
128,22,1,2,5,2,3,2,3,4,3,1,3,1,0,14,594.0,2523.0,1
129,49,2,20,2,2,4,2,3,1,2,0,16,11,1,14,470.0,6567.0,1
130,43,2,28,2,1,2,2,2,3,3,0,18,2,4,12,957.0,4739.0,1
131,50,2,12,4,1,1,1,3,4,3,0,16,2,4,11,809.0,9208.0,1
132,31,2,20,1,2,1,1,2,3,3,1,4,2,3,11,542.0,4559.0,0
133,41,1,9,1,3,1,1,3,3,3,1,12,7,3,13,802.0,8189.0,1
134,26,2,25,1,2,9,3,3,3,3,1,8,7,1,23,1355.0,2942.0,1
135,36,1,6,2,3,4,2,2,2,3,2,7,2,6,20,216.0,4941.0,1
136,51,1,8,1,1,4,2,1,4,3,0,18,2,2,15,1150.0,10650.0,0
137,39,2,4,1,2,1,1,4,3,4,1,17,11,4,14,1329.0,5902.0,1
138,25,1,28,1,2,1,1,1,3,3,0,6,2,2,18,959.0,8639.0,1
139,30,1,9,6,2,9,3,3,4,1,0,12,9,0,19,1240.0,6347.0,1
140,32,2,9,2,1,3,2,1,1,4,0,10,4,7,22,1033.0,4200.0,0
141,45,1,29,2,1,2,2,3,4,2,0,9,5,5,13,1316.0,3452.0,1
142,38,2,3,5,1,2,2,4,3,3,0,19,2,3,20,364.0,4317.0,1
143,30,2,18,1,1,2,2,1,3,2,0,5,4,1,14,438.0,2632.0,1
144,32,1,9,2,3,1,1,4,4,4,3,9,7,0,17,689.0,4668.0,1
145,30,2,5,5,3,2,2,4,1,3,1,8,2,5,14,201.0,3204.0,1
146,30,1,2,2,1,3,2,2,4,3,0,6,3,0,13,1427.0,2720.0,1
148,41,1,9,1,2,3,2,3,1,3,1,7,0,2,21,933.0,2238.0,1
149,19,2,3,2,1,3,2,2,2,3,0,1,0,1,14,1181.0,1483.0,1
150,40,2,26,2,3,2,2,2,2,3,1,20,7,1,11,1395.0,5605.0,1
151,35,1,1,4,2,1,1,3,2,3,2,10,8,1,13,662.0,7295.0,1
152,53,1,6,4,2,7,1,2,3,1,1,13,7,2,20,1436.0,2306.0,1
153,45,1,9,1,3,3,2,2,2,1,1,20,9,8,18,194.0,2348.0,1
154,32,2,8,4,1,1,1,2,4,3,0,9,8,1,14,967.0,8998.0,1
155,29,1,1,5,2,4,2,4,3,3,1,10,7,1,13,1496.0,4319.0,1
156,51,1,7,2,2,4,2,2,3,3,0,10,0,2,17,1169.0,6132.0,1
157,58,2,9,2,2,2,2,2,2,2,1,9,0,4,20,1145.0,3346.0,1
158,40,1,4,4,2,1,1,3,4,2,1,15,11,7,11,630.0,10855.0,1
159,34,2,2,4,2,7,1,3,3,3,1,6,3,6,18,303.0,2231.0,1
160,22,1,19,2,2,2,2,3,4,3,2,2,2,1,24,1256.0,2323.0,1
161,27,1,9,2,3,2,2,4,2,1,1,6,2,6,18,691.0,2024.0,1
162,28,1,21,2,2,2,2,3,4,1,1,5,2,1,11,440.0,2713.0,1
163,57,1,24,1,3,5,2,3,4,1,1,12,3,3,16,334.0,9439.0,1
164,27,1,3,2,3,2,2,3,3,2,1,1,1,1,15,1450.0,2566.0,1
166,41,1,14,1,3,2,2,1,3,3,1,13,8,4,12,465.0,2451.0,1
167,30,2,5,1,2,1,1,2,4,3,1,12,9,2,12,1339.0,9419.0,1
168,38,2,1,1,1,1,1,1,4,4,0,12,3,4,22,702.0,8686.0,1
169,32,1,6,1,1,2,2,3,3,3,0,8,4,3,20,120.0,3038.0,1
170,27,1,17,5,2,2,2,3,2,2,1,6,2,0,16,1157.0,3058.0,1
171,19,2,1,5,1,7,1,3,1,4,0,1,0,0,21,602.0,2325.0,0
172,36,1,3,2,1,3,2,4,2,2,0,13,7,4,12,1480.0,2088.0,1
173,30,1,9,2,3,3,2,3,1,3,2,12,9,1,11,111.0,3072.0,1
174,45,2,4,1,3,1,1,3,1,4,1,9,4,4,11,1268.0,5006.0,1
175,56,2,8,1,3,2,2,3,1,3,1,19,2,4,18,713.0,4257.0,1
176,33,1,2,1,1,2,2,3,4,4,0,4,1,0,14,134.0,2500.0,1
177,19,1,2,1,1,3,2,2,4,2,0,1,0,1,22,303.0,1102.0,0
178,46,2,1,4,3,1,1,2,1,3,3,24,13,1,25,526.0,10453.0,1
179,38,2,9,1,1,3,2,3,4,3,0,2,2,1,12,1380.0,2288.0,1
180,31,2,12,2,2,2,2,3,4,3,1,7,2,8,23,140.0,3929.0,1
181,34,2,27,2,1,2,2,4,2,3,0,9,2,2,15,629.0,2311.0,1
182,41,2,20,4,1,7,1,2,2,2,0,4,3,1,22,1356.0,3140.0,0
183,50,1,1,2,2,3,2,3,3,2,1,5,2,2,15,328.0,3690.0,1
184,53,2,13,2,3,4,2,4,1,3,2,5,2,1,11,1084.0,4450.0,1
185,33,2,14,2,2,2,2,4,2,3,1,8,7,1,13,931.0,2756.0,1
188,34,1,2,1,2,4,2,4,3,2,0,10,9,1,17,1069.0,9547.0,1
189,51,2,3,2,1,5,2,4,2,3,0,21,7,3,18,313.0,13734.0,1
191,27,2,9,2,1,2,2,4,2,2,0,7,7,1,16,894.0,2279.0,1
192,35,1,23,1,2,4,2,2,3,3,0,8,0,3,13,556.0,5916.0,0
193,43,1,7,2,3,2,2,4,4,4,3,7,4,4,14,1344.0,2089.0,1
194,45,1,2,2,2,6,2,1,4,3,1,22,8,9,23,1195.0,16792.0,1
195,37,1,21,1,2,2,2,2,1,2,1,8,7,1,12,290.0,3564.0,1
196,35,2,2,2,1,3,2,2,2,3,0,10,2,5,11,138.0,4425.0,1
197,42,2,21,2,3,4,2,3,3,3,1,11,3,2,16,926.0,5265.0,1
198,38,1,2,1,2,4,2,4,3,3,0,14,0,9,14,1261.0,6553.0,1
199,38,1,29,5,2,4,2,4,4,1,1,9,7,3,18,1084.0,6261.0,1
200,27,1,1,5,2,4,2,3,1,3,1,6,2,5,19,472.0,4298.0,1
201,49,1,18,1,3,4,2,4,4,3,2,7,7,1,15,1002.0,6804.0,1
202,34,1,10,2,3,2,2,4,3,4,1,5,3,1,17,878.0,3815.0,1
203,40,1,19,2,2,3,2,3,4,4,1,15,2,8,15,905.0,2741.0,1
204,38,1,29,2,2,5,2,2,1,3,0,17,0,7,19,1180.0,6673.0,0
205,29,2,27,4,2,1,1,2,4,2,3,10,4,1,22,121.0,7639.0,0
206,22,1,5,1,3,2,2,4,2,2,1,4,2,1,16,1136.0,2328.0,1
207,36,2,18,2,1,3,2,2,4,3,0,8,1,1,13,635.0,2153.0,1
208,40,1,9,1,2,5,2,4,4,1,1,5,2,9,14,1151.0,4876.0,1
209,46,1,1,2,3,5,2,4,1,3,1,17,2,7,16,644.0,9396.0,1
210,32,1,4,2,2,1,1,4,4,2,0,14,8,1,11,1045.0,10400.0,0
211,30,1,1,1,1,4,2,3,3,3,0,12,8,1,22,829.0,8474.0,1
212,27,2,20,1,1,1,1,4,3,3,0,7,7,1,14,1242.0,9981.0,1
213,51,1,8,1,2,8,2,2,2,1,2,16,9,5,16,1469.0,12490.0,1
214,30,2,3,5,1,2,2,4,1,3,0,8,2,5,11,1005.0,2657.0,0
215,41,2,6,1,1,6,1,4,4,3,0,16,0,3,18,896.0,13591.0,1
216,30,2,26,4,1,1,1,3,1,2,0,9,3,5,15,334.0,6696.0,0
217,29,1,1,5,1,2,2,3,3,2,0,7,2,0,14,992.0,2058.0,0
218,45,2,6,2,1,1,1,4,4,3,0,23,7,6,12,1052.0,8865.0,1
219,54,2,3,4,2,1,1,4,1,3,1,16,2,2,14,1147.0,5940.0,1
220,36,1,5,1,1,3,2,4,2,4,0,16,11,8,16,1396.0,5914.0,1
221,33,2,4,2,2,2,2,3,2,3,0,7,2,6,21,147.0,2622.0,1
222,37,1,11,3,3,8,2,2,4,3,3,10,8,1,14,663.0,12185.0,1
223,38,1,3,1,3,1,1,1,3,2,2,17,10,0,12,119.0,10609.0,1
224,31,1,1,2,2,4,2,3,3,3,1,6,4,0,12,979.0,4345.0,1
225,59,1,3,1,2,2,2,3,4,3,1,7,0,3,17,142.0,2177.0,1
226,37,1,4,4,3,7,1,1,4,3,1,13,8,4,17,319.0,2793.0,1
227,29,2,1,2,2,1,1,2,4,3,1,11,10,1,14,1413.0,7918.0,1
228,35,2,1,4,1,1,1,3,3,4,0,10,7,1,14,944.0,8789.0,1
229,29,1,18,2,1,2,2,3,4,2,0,4,3,1,13,896.0,2389.0,0
230,52,2,2,1,1,3,2,3,4,2,0,6,2,7,15,1323.0,3212.0,1
232,59,1,6,2,2,9,3,2,3,2,0,7,2,8,17,818.0,2267.0,1
234,33,1,14,2,2,3,2,3,4,1,1,8,4,5,13,813.0,2436.0,0
235,43,2,16,4,2,6,1,4,4,3,1,22,13,5,22,1034.0,16064.0,1
236,33,2,2,1,2,3,2,1,1,4,0,13,7,7,20,465.0,2707.0,0
238,32,2,4,1,2,7,1,3,2,3,1,6,3,2,11,1401.0,3931.0,1
239,32,1,1,1,1,3,2,4,3,1,0,4,2,0,14,515.0,3730.0,0
240,39,2,1,2,3,3,2,3,3,3,3,7,2,7,14,1431.0,2232.0,1
241,32,1,26,4,2,1,1,3,4,3,0,4,2,0,18,976.0,4465.0,1
242,41,1,19,1,3,2,2,3,1,2,2,17,0,2,16,1411.0,3072.0,1
243,40,1,24,5,3,2,2,1,4,3,2,9,8,1,17,1300.0,3319.0,1
245,31,1,3,2,3,8,2,2,3,3,1,9,2,9,12,1327.0,13675.0,1
246,33,2,5,1,2,2,2,3,4,2,1,2,2,1,13,832.0,2911.0,1
247,34,1,2,1,2,4,2,4,1,3,1,13,9,6,13,470.0,5957.0,1
248,37,2,1,2,2,2,2,3,1,2,1,17,1,2,14,1017.0,3920.0,1
249,45,1,7,1,2,4,2,1,3,3,1,9,2,4,17,1199.0,6434.0,1
250,37,1,10,2,3,4,2,1,3,3,2,17,0,6,11,504.0,10048.0,0
251,39,2,2,5,1,5,2,3,3,3,0,20,6,0,25,505.0,10938.0,1
252,29,1,15,1,1,2,2,3,4,3,0,6,5,1,19,665.0,2340.0,1
253,42,2,17,1,1,2,2,4,1,3,0,10,2,3,13,916.0,6545.0,1
254,29,1,20,4,3,1,1,4,4,3,1,10,2,2,14,1247.0,6931.0,1
255,25,2,1,1,2,4,2,1,3,3,2,5,2,0,12,685.0,4898.0,1
256,42,2,2,2,3,3,2,4,1,3,1,10,6,0,11,269.0,2593.0,1
258,51,1,1,1,2,2,2,3,4,2,0,1,0,1,11,833.0,2723.0,1
259,31,1,29,2,1,3,2,3,2,4,0,6,4,0,11,307.0,3479.0,0
260,32,1,7,1,2,3,2,2,2,1,0,5,1,1,20,1311.0,2794.0,1
261,38,1,2,1,2,1,1,4,4,3,1,13,7,3,18,1327.0,5249.0,1
262,32,1,2,5,1,3,2,4,1,3,0,9,2,4,13,128.0,2176.0,1
263,46,2,2,5,2,6,1,3,2,2,1,28,7,3,12,488.0,16872.0,1
264,28,1,2,1,1,3,2,1,3,1,0,5,0,2,11,529.0,3485.0,0
265,29,1,2,2,2,1,1,1,2,3,2,10,0,2,19,1210.0,6644.0,1
266,31,1,23,2,2,5,2,2,4,3,1,10,0,0,21,1463.0,5582.0,1
267,25,1,5,1,3,5,2,2,1,3,2,6,3,1,12,675.0,4000.0,1
268,45,1,20,2,2,5,2,3,4,3,0,21,7,0,14,1385.0,13496.0,1
269,36,1,6,1,2,3,2,4,4,3,1,16,13,0,11,1403.0,3210.0,1
271,47,1,29,1,2,6,2,1,2,2,1,10,7,1,12,666.0,11849.0,0
272,28,1,9,2,2,2,2,4,4,2,1,5,2,1,23,1158.0,2070.0,1
273,37,1,6,2,2,1,1,3,4,4,1,7,4,4,14,228.0,6502.0,1
274,21,1,3,2,1,2,2,4,3,4,0,3,2,1,17,996.0,3230.0,1
275,37,2,1,2,3,8,2,1,4,3,2,15,2,2,18,728.0,13603.0,1
276,35,2,22,1,3,6,2,2,2,2,1,10,7,7,18,1315.0,11996.0,1
277,38,2,7,2,3,1,1,1,1,3,1,8,0,1,24,322.0,5605.0,1
278,26,2,1,1,3,4,2,3,2,1,1,6,5,1,20,1479.0,6397.0,1
281,42,1,1,1,2,1,1,2,3,3,0,20,16,1,25,635.0,4907.0,1
282,29,1,2,1,1,1,1,2,4,2,0,10,7,1,18,442.0,4554.0,1
283,55,1,20,5,2,3,2,2,4,3,1,12,7,3,19,147.0,5415.0,1
284,26,1,11,2,2,5,2,1,1,3,1,5,3,1,13,496.0,4741.0,1
285,37,2,1,1,1,2,2,4,4,3,0,17,12,1,12,1372.0,2115.0,1
286,44,1,24,1,3,3,2,4,3,1,1,19,0,3,22,920.0,3161.0,0
287,38,1,23,1,3,5,2,4,4,3,1,10,2,9,14,688.0,5745.0,1
288,26,1,16,2,3,3,2,1,2,3,1,5,2,2,13,1449.0,2373.0,0
289,28,2,8,1,1,2,2,4,4,3,0,5,3,1,21,1117.0,3310.0,1
291,36,1,3,5,1,2,2,3,2,3,0,10,0,4,12,506.0,4485.0,1
292,31,2,5,4,3,7,1,4,2,2,1,2,2,1,11,444.0,2789.0,1
293,26,1,4,4,1,1,1,4,4,3,0,8,7,1,12,950.0,5828.0,0
294,37,1,9,2,2,2,2,2,4,2,3,4,2,1,12,889.0,2326.0,1
295,42,2,26,4,2,1,1,3,2,4,1,23,4,5,14,555.0,13525.0,1
296,18,1,3,1,1,3,2,3,3,3,0,0,0,1,13,230.0,1420.0,0
297,35,1,16,4,2,1,1,3,2,2,2,12,9,0,15,1232.0,8020.0,1
298,36,1,18,1,2,3,2,3,4,3,2,4,0,4,18,566.0,3688.0,1
299,51,1,2,2,3,4,2,4,2,3,1,13,1,5,18,1302.0,5482.0,1
300,41,1,2,1,1,6,1,4,2,3,0,22,10,1,19,334.0,16015.0,1
301,18,2,10,2,1,7,1,4,3,3,0,0,0,1,12,812.0,1200.0,1
302,28,1,16,2,1,5,2,2,1,3,0,9,3,0,19,1476.0,5661.0,1
303,31,1,7,5,2,1,1,2,4,2,1,10,7,4,11,218.0,6929.0,1
304,39,1,1,2,3,5,2,3,4,2,3,19,10,0,17,1132.0,9613.0,1
305,36,2,24,1,2,3,2,2,2,3,1,11,8,7,15,1105.0,5674.0,1
306,32,1,7,1,2,1,1,4,3,2,1,13,8,1,14,906.0,5484.0,1
307,38,2,25,1,2,8,2,1,2,3,1,19,8,3,17,849.0,12061.0,1
308,58,1,1,1,3,5,2,4,3,3,1,12,3,2,13,390.0,5660.0,1
309,31,1,5,5,2,2,2,3,4,3,1,6,2,0,12,691.0,4821.0,1
310,31,1,2,6,2,9,3,1,1,3,0,9,2,3,12,106.0,6410.0,1
311,45,1,7,1,3,3,2,1,1,3,1,24,9,1,18,1249.0,5210.0,1
312,31,1,2,1,3,2,2,3,4,1,1,3,2,0,18,192.0,2695.0,1
313,33,2,5,1,2,6,2,4,2,3,2,12,6,6,11,553.0,11878.0,1
315,43,2,10,1,1,3,2,3,4,3,0,9,7,0,19,185.0,2455.0,1
316,49,2,1,5,1,5,2,3,3,3,0,25,1,7,12,1091.0,13964.0,1
317,52,1,8,2,2,2,2,3,2,2,0,11,2,2,15,723.0,4941.0,0
318,27,2,5,1,1,2,2,3,2,2,0,4,3,1,12,1220.0,2478.0,1
319,32,2,8,5,2,1,1,3,2,3,0,13,12,1,11,588.0,5228.0,1
320,27,1,2,1,1,1,1,4,3,3,0,5,4,1,11,1377.0,4478.0,1
321,31,1,7,4,3,1,1,4,4,3,3,13,7,4,12,691.0,7547.0,1
322,32,2,2,2,1,2,2,1,4,2,0,10,7,7,16,1018.0,5055.0,1
323,28,1,2,2,2,2,2,1,4,2,0,5,2,5,13,1157.0,3464.0,0
324,30,2,28,2,2,2,2,4,4,3,2,11,8,1,13,1275.0,5775.0,1
325,31,2,7,1,2,4,2,3,3,3,1,10,9,1,24,798.0,8943.0,1
327,39,2,3,2,2,1,1,4,3,2,0,12,0,4,18,1162.0,5238.0,0
328,33,1,10,4,1,1,1,2,4,2,0,9,7,3,14,508.0,4682.0,1
330,43,2,10,1,3,3,2,3,3,4,1,9,7,1,11,559.0,5257.0,1
331,27,1,1,4,2,1,1,3,2,3,1,6,4,0,13,210.0,6349.0,1
332,54,2,20,1,1,2,2,4,3,2,0,20,3,3,12,928.0,4869.0,1
333,43,2,7,1,2,5,2,3,1,2,1,10,0,8,16,1001.0,9985.0,1
334,45,1,8,3,2,2,2,4,4,3,2,12,9,9,14,549.0,3697.0,1
335,40,1,1,2,2,1,1,2,4,2,3,6,3,2,22,1124.0,7457.0,1
336,29,1,8,3,2,3,2,2,1,2,0,7,7,1,11,318.0,2119.0,0
337,29,1,9,3,1,3,2,2,4,3,0,4,2,0,17,738.0,3983.0,1
338,30,2,5,4,3,1,1,4,3,3,3,10,9,1,13,570.0,6118.0,1
339,27,2,8,4,2,1,1,2,2,3,1,8,7,1,18,1130.0,6214.0,1
340,37,1,5,2,3,4,2,4,4,2,2,8,2,7,16,1192.0,6347.0,1
341,38,1,15,1,3,8,2,3,4,3,1,12,10,0,14,343.0,11510.0,1
342,31,2,7,2,1,4,2,3,4,2,0,11,9,1,14,1232.0,7143.0,1
343,29,2,10,4,3,1,1,4,2,3,2,7,7,1,14,144.0,8268.0,1
344,35,1,5,5,1,4,2,3,2,3,0,17,6,0,13,1296.0,8095.0,1
345,23,1,26,1,3,2,2,3,4,2,2,4,2,1,12,1309.0,2904.0,1
346,41,1,6,2,1,4,2,4,2,3,0,8,4,6,15,483.0,6032.0,1
347,47,1,4,2,1,7,1,2,3,3,0,5,0,3,19,1309.0,2976.0,1
348,42,2,23,1,1,8,2,1,4,3,0,16,0,2,14,810.0,15992.0,1
349,29,1,2,1,2,1,1,4,3,2,1,4,3,1,14,746.0,4649.0,1
350,42,1,2,5,3,9,3,3,3,3,1,4,2,0,11,544.0,2696.0,1
351,32,2,2,2,2,3,2,3,2,3,1,8,0,1,13,1062.0,2370.0,1
352,48,2,29,2,2,6,1,1,3,1,1,15,0,3,21,530.0,12504.0,1
353,37,1,6,2,3,2,2,3,1,3,2,13,7,4,13,1319.0,5974.0,1
354,30,2,25,5,2,1,1,4,3,4,1,4,2,7,12,641.0,4736.0,1
355,26,1,1,1,2,1,1,3,3,3,1,8,7,1,17,933.0,5296.0,1
356,42,1,2,3,1,5,2,1,4,3,0,14,0,3,23,1332.0,6781.0,1
357,21,2,1,5,1,7,1,1,2,3,0,3,2,1,11,756.0,2174.0,0
358,36,2,1,2,1,1,1,4,4,3,0,7,0,4,15,845.0,6653.0,1
359,36,1,3,2,2,1,1,1,4,3,1,16,9,4,11,541.0,9699.0,1
360,57,1,1,2,2,5,2,4,3,3,0,15,2,2,11,593.0,6755.0,1
361,40,2,10,1,2,3,2,4,3,3,1,10,7,3,13,1171.0,2213.0,1
362,21,1,9,2,1,7,1,1,4,2,0,3,2,1,24,895.0,2610.0,1
363,33,2,5,4,1,7,1,4,3,3,0,1,0,1,13,350.0,2851.0,0
364,37,2,10,2,2,3,2,3,1,3,1,17,4,6,20,921.0,3452.0,1
365,46,2,7,2,2,4,2,3,3,4,0,7,0,2,14,1144.0,5258.0,1
366,41,1,4,4,1,1,1,1,2,3,0,8,7,1,18,143.0,9355.0,0
367,50,1,10,5,1,5,2,4,4,3,0,20,3,6,15,1046.0,10496.0,1
368,40,1,22,4,2,1,1,3,3,3,2,8,4,2,12,575.0,6380.0,0
369,31,1,9,1,1,2,2,3,2,3,0,3,2,0,16,408.0,2657.0,1
370,21,2,12,1,1,7,1,3,2,3,0,1,0,1,15,156.0,2716.0,0
371,29,1,23,1,1,2,2,4,4,3,0,6,2,9,16,1283.0,2201.0,1
372,35,1,9,1,1,5,2,3,2,3,0,10,1,9,19,755.0,6540.0,1
373,27,1,1,2,3,3,2,4,2,3,1,5,2,1,11,1469.0,3816.0,1
374,28,1,9,1,1,1,1,2,4,3,0,7,5,1,16,304.0,5253.0,1
375,49,1,7,3,1,5,2,2,3,3,0,26,2,8,24,1261.0,10965.0,1
376,51,2,14,1,2,1,1,3,4,2,1,18,7,4,11,1178.0,4936.0,1
377,36,2,2,1,2,2,2,4,3,3,1,6,2,4,13,329.0,2543.0,1
378,34,1,19,4,1,1,1,1,4,2,0,9,2,8,13,1362.0,5304.0,0
379,55,2,2,1,1,6,2,3,4,3,0,30,4,2,13,1311.0,16659.0,1
380,24,2,10,4,3,1,1,4,3,4,1,5,2,1,12,1371.0,4260.0,1
381,30,1,2,5,2,7,1,3,2,3,1,1,0,1,18,202.0,2476.0,1
382,26,1,3,5,1,2,2,3,1,3,0,7,4,0,22,575.0,3102.0,0
383,22,2,11,2,2,2,2,1,2,3,1,2,1,1,13,253.0,2244.0,1
384,36,1,2,2,2,1,1,2,3,3,2,10,9,1,13,164.0,7596.0,1
385,30,1,4,5,1,2,2,3,4,3,0,3,0,9,23,464.0,2285.0,0
386,37,2,14,1,3,3,2,4,1,2,1,18,7,1,12,1107.0,3034.0,1
387,40,2,2,4,3,1,1,4,2,3,2,8,4,7,12,759.0,5715.0,1
388,42,2,1,1,3,3,2,2,1,3,1,8,2,3,16,201.0,2576.0,1
389,37,1,10,1,1,4,2,3,2,2,0,18,0,2,12,1305.0,4197.0,1
390,43,1,12,1,3,8,2,1,2,3,1,25,10,1,11,982.0,14336.0,1
391,40,2,2,2,2,3,2,2,3,3,1,20,0,6,22,555.0,3448.0,1
393,34,2,4,4,2,1,1,3,3,3,1,6,2,9,15,1381.0,6538.0,1
394,31,2,7,2,2,4,2,2,1,1,1,13,10,1,12,480.0,4306.0,1
395,43,1,21,2,2,3,2,4,4,3,1,8,2,7,20,313.0,2258.0,1
396,43,2,8,3,3,5,2,3,3,3,0,8,2,4,14,1473.0,4522.0,1
397,25,2,4,1,1,1,1,2,4,3,0,5,4,1,11,891.0,4487.0,1
398,37,2,25,2,2,2,2,2,3,3,2,15,11,3,15,1063.0,4449.0,1
399,31,1,1,1,2,3,2,4,1,3,1,4,2,1,12,329.0,2218.0,1
401,56,2,6,1,2,1,1,3,1,2,3,36,7,9,11,906.0,13212.0,1
402,30,2,12,5,1,1,1,2,3,3,0,6,4,0,11,1082.0,6577.0,1
403,41,1,1,4,2,1,1,2,1,3,1,10,7,1,16,645.0,8392.0,1
404,28,1,17,2,3,3,2,3,1,3,1,10,0,1,12,1300.0,4558.0,1
405,25,1,3,2,2,3,2,1,1,3,1,6,2,5,13,688.0,4031.0,0
406,52,1,3,2,2,4,2,4,3,3,0,28,4,2,14,319.0,7969.0,1
407,45,1,10,1,2,2,2,1,4,2,2,8,2,3,21,192.0,2654.0,1
408,52,2,4,1,2,6,2,4,4,1,0,31,2,2,13,1490.0,16555.0,1
409,42,2,29,1,3,2,2,1,3,3,1,19,4,2,11,532.0,4556.0,1
410,30,2,2,1,1,4,2,3,4,3,0,11,4,2,20,317.0,6091.0,1
412,46,2,18,2,3,4,2,3,3,2,1,19,7,2,14,1485.0,4810.0,1
413,42,2,28,5,2,5,2,4,4,4,3,7,5,0,11,1368.0,4523.0,1
414,24,2,1,5,1,7,1,1,2,3,0,6,3,1,16,1448.0,3202.0,0
415,34,2,6,4,3,7,1,4,3,2,1,3,2,0,16,296.0,2351.0,0
416,38,1,2,1,2,3,2,4,4,3,1,1,0,1,23,1490.0,1702.0,1
418,26,2,23,1,3,2,2,1,4,1,2,3,2,1,22,1349.0,2886.0,1
419,30,1,3,1,2,3,2,3,4,1,1,9,3,4,15,1400.0,2097.0,1
420,29,1,3,2,2,8,2,2,3,3,0,10,2,1,18,986.0,11935.0,1
421,29,2,25,5,2,2,2,3,2,4,0,6,2,5,16,408.0,2546.0,0
422,19,1,2,5,1,9,3,1,4,4,0,1,0,1,12,489.0,2564.0,0
423,30,2,22,3,2,1,1,3,1,3,0,10,8,0,11,1398.0,8412.0,1
424,57,1,29,4,3,6,1,1,4,2,1,32,0,3,12,210.0,14118.0,1
426,30,2,2,2,1,3,2,3,4,2,0,12,7,0,14,1116.0,2564.0,1
427,60,2,28,4,2,1,1,3,1,4,0,22,13,4,19,1499.0,10266.0,1
428,47,2,2,2,3,4,2,1,4,3,3,20,0,5,13,983.0,5070.0,1
430,35,1,22,1,1,3,2,4,3,3,0,6,4,0,15,144.0,4230.0,1
431,54,2,8,1,1,3,2,3,3,3,0,19,0,7,11,548.0,3780.0,1
432,34,1,2,1,3,2,2,4,3,3,1,14,3,3,12,1303.0,2768.0,1
433,46,2,10,4,2,1,1,3,4,3,1,15,2,2,19,1125.0,9071.0,1
434,31,1,9,1,3,4,2,3,2,4,1,13,8,1,25,1274.0,10648.0,1
435,33,1,15,2,2,6,2,2,3,4,0,15,6,7,12,1277.0,13610.0,0
436,33,1,10,2,3,3,2,1,4,3,3,8,3,7,13,587.0,3408.0,0
437,30,1,7,4,1,7,1,4,2,3,0,4,2,0,14,413.0,2983.0,1
438,35,1,16,1,2,5,2,4,3,3,0,10,7,4,12,1276.0,7632.0,1
439,31,1,20,1,2,5,2,1,3,3,0,12,0,3,12,534.0,9824.0,0
440,34,2,23,6,3,9,3,2,1,3,3,11,2,9,15,988.0,9950.0,0
441,42,1,5,3,2,3,2,2,3,3,1,8,2,4,17,1474.0,2093.0,1
442,36,1,10,2,1,1,1,2,4,2,0,10,3,1,14,635.0,9980.0,1
443,22,1,4,5,1,3,2,3,3,3,0,4,2,5,16,1368.0,3894.0,0
444,48,2,2,4,2,1,1,2,4,3,1,14,7,2,14,163.0,4051.0,1
445,55,2,18,1,1,6,1,1,2,3,0,37,9,3,23,1117.0,16835.0,1
446,41,1,10,1,1,1,1,4,4,3,0,16,3,7,14,267.0,6230.0,1
447,35,1,1,4,2,1,1,2,3,3,0,15,9,9,11,619.0,4717.0,1
448,40,2,6,1,1,4,2,2,3,3,0,22,6,7,15,302.0,13237.0,1
449,39,2,8,1,2,3,2,3,3,3,1,8,3,1,11,443.0,3755.0,1
450,31,1,2,1,1,1,1,2,4,4,0,10,5,4,13,828.0,6582.0,1
451,42,1,24,2,2,4,2,4,1,2,1,10,9,1,21,319.0,7406.0,1
452,45,1,2,3,2,1,1,4,2,4,1,9,7,0,19,561.0,4805.0,1
453,26,2,17,1,3,9,3,2,3,2,1,8,7,0,11,426.0,2741.0,0
454,29,1,19,5,3,4,2,4,4,4,2,8,2,4,12,232.0,4262.0,1
455,33,2,1,2,3,8,2,1,3,3,1,10,1,4,19,922.0,16184.0,1
456,31,1,7,1,3,6,1,3,4,2,1,10,4,9,21,688.0,11557.0,1
457,18,1,5,4,1,7,1,2,2,3,0,0,0,1,14,1306.0,1878.0,0
458,40,1,28,3,3,1,1,3,1,3,1,20,0,3,15,1094.0,10932.0,1
459,41,2,2,3,1,5,2,1,3,3,0,10,7,2,17,509.0,6811.0,1
460,26,1,29,2,3,1,1,1,3,3,2,8,0,5,12,775.0,4306.0,1
461,35,2,1,2,1,1,1,1,3,3,0,5,4,1,16,195.0,4859.0,1
462,34,1,21,1,1,1,1,4,4,3,0,10,7,1,12,258.0,5337.0,1
463,26,1,24,5,1,3,2,3,4,1,0,1,0,1,18,471.0,2340.0,0
464,37,2,1,5,1,4,2,2,4,4,0,12,5,4,17,799.0,7491.0,1
465,46,2,18,2,2,5,2,1,3,2,0,28,2,5,11,1034.0,10527.0,1
466,41,2,2,1,2,6,1,2,1,3,1,22,16,7,16,1276.0,16595.0,1
467,37,1,9,2,3,1,1,1,2,3,1,9,5,1,13,142.0,8834.0,1
468,52,1,6,5,3,2,2,4,1,3,2,18,9,3,12,956.0,5577.0,1
469,32,1,11,3,2,1,1,4,3,3,0,6,2,8,12,1474.0,4707.0,0
470,24,1,24,2,2,7,1,4,4,3,2,3,2,0,13,535.0,2400.0,1
471,38,2,10,2,2,5,2,3,3,3,1,18,0,3,19,1495.0,9824.0,1
472,37,2,1,1,2,4,2,2,2,2,1,8,5,6,12,446.0,6447.0,1
474,24,1,23,2,2,2,2,2,4,3,2,6,5,1,11,691.0,2725.0,1
475,26,1,28,4,2,1,1,1,2,4,2,6,3,1,20,703.0,6272.0,1
476,24,1,17,3,2,3,2,4,2,3,1,1,0,1,21,823.0,2127.0,1
478,25,1,13,2,2,7,1,2,3,3,0,7,4,1,11,622.0,2096.0,1
479,24,2,7,1,2,3,2,1,3,3,1,6,3,1,16,1287.0,2886.0,0
480,30,1,12,1,2,7,1,2,1,4,1,1,0,1,18,448.0,2033.0,0
481,34,1,1,1,2,2,2,2,4,3,1,6,5,1,13,254.0,3622.0,1
482,31,1,13,2,3,1,1,2,1,1,0,9,1,2,17,1365.0,4233.0,0
483,35,1,25,3,1,3,2,1,4,3,0,9,2,4,14,538.0,3681.0,1
484,31,1,6,2,3,1,1,1,4,4,2,13,7,4,22,525.0,5460.0,1
485,27,2,6,2,3,2,2,1,3,2,2,6,3,0,12,798.0,2187.0,1
486,37,1,2,4,2,1,1,4,3,2,1,17,0,4,11,558.0,9602.0,1
487,20,2,1,1,1,2,2,4,2,4,0,1,0,1,13,959.0,2836.0,1
488,42,2,2,1,2,5,2,3,4,3,2,10,2,1,13,622.0,4089.0,1
489,43,1,6,3,3,8,2,2,4,2,1,21,0,4,14,782.0,16627.0,1
490,38,2,1,1,1,2,2,3,1,2,0,8,0,3,17,362.0,2619.0,1
491,43,1,9,2,3,3,2,4,3,3,1,10,7,3,13,1001.0,5679.0,1
492,48,2,1,1,2,6,2,4,1,1,1,21,2,7,11,1236.0,15402.0,1
493,44,2,1,1,1,9,3,1,3,4,0,10,2,4,11,1112.0,5985.0,1
494,34,2,14,5,3,7,1,3,3,3,2,8,2,1,18,204.0,2579.0,1
495,27,1,2,4,3,7,1,3,1,3,1,5,3,0,11,1420.0,3041.0,0
496,21,1,22,5,1,7,1,3,3,3,0,3,2,1,11,1343.0,3447.0,1
498,22,1,6,2,2,2,2,1,3,3,0,3,2,0,20,604.0,2773.0,1
499,33,1,8,4,3,1,1,3,3,3,0,6,0,0,12,1216.0,7104.0,1
500,32,2,9,1,2,2,2,1,4,2,1,6,4,1,12,646.0,6322.0,1
501,30,2,3,2,3,2,2,3,3,3,1,1,0,1,20,160.0,2083.0,1
502,53,2,1,2,1,1,1,4,1,4,0,18,7,7,20,238.0,8381.0,1
503,34,1,1,1,2,2,2,2,4,2,1,10,9,1,12,1397.0,2691.0,1
504,45,2,26,1,2,1,1,1,1,3,2,5,1,2,14,306.0,4286.0,0
505,26,2,6,1,2,3,2,3,4,3,1,3,2,1,13,991.0,2659.0,1
506,37,1,3,3,2,4,2,3,3,3,1,10,7,1,15,482.0,9434.0,1
507,29,2,3,2,2,1,1,2,3,2,1,6,0,1,14,1176.0,5561.0,1
508,35,1,6,1,1,2,2,2,4,3,0,17,11,1,13,1017.0,6646.0,1
509,33,1,6,1,3,5,2,3,4,1,1,15,11,3,23,1296.0,7725.0,1
510,54,1,19,2,2,9,3,3,2,4,1,16,7,2,15,397.0,10725.0,1
511,36,1,9,2,3,4,2,2,2,3,1,13,2,2,11,913.0,8847.0,1
512,27,1,3,2,1,2,2,1,4,3,0,5,2,0,13,1115.0,2045.0,1
513,20,1,10,2,1,2,2,4,3,3,0,1,0,1,11,1362.0,1009.0,0
514,33,1,3,1,1,2,2,1,1,3,0,10,8,1,11,1076.0,3348.0,0
515,35,1,3,1,2,3,2,3,3,3,2,1,0,1,18,727.0,1281.0,1
516,23,1,4,2,2,2,2,1,1,4,1,5,2,2,16,885.0,2819.0,1
517,25,1,8,1,2,1,1,4,2,3,1,4,2,0,22,810.0,4851.0,1
518,38,2,7,4,1,1,1,4,4,3,0,8,7,0,20,243.0,4028.0,1
519,29,1,1,1,3,2,2,2,4,3,1,10,7,1,18,806.0,2720.0,1
520,48,1,2,4,2,1,1,2,2,3,0,12,2,3,12,817.0,8120.0,1
521,27,2,3,2,3,1,1,4,4,3,2,6,5,1,20,1410.0,4647.0,1
522,37,1,10,1,1,2,2,4,4,3,0,4,0,3,17,1225.0,4680.0,1
523,50,1,28,2,2,3,2,4,3,3,3,20,8,1,11,1207.0,3221.0,1
524,34,2,9,2,1,5,2,4,2,4,0,9,7,1,14,1442.0,8621.0,1
525,24,2,3,1,1,1,1,1,3,3,0,4,2,9,14,693.0,4577.0,0
526,39,2,2,5,1,5,2,4,3,3,0,20,7,1,11,408.0,4553.0,1
527,32,1,10,4,1,1,1,4,4,2,0,10,7,1,12,929.0,5396.0,1
528,50,1,8,5,2,1,1,2,3,3,1,18,3,3,14,562.0,6796.0,0
529,38,2,1,1,1,5,2,2,4,2,0,10,7,0,13,827.0,7625.0,1
530,27,2,1,1,2,4,2,3,1,3,0,9,7,1,11,608.0,7412.0,1
531,32,2,3,1,1,8,2,3,4,3,0,10,7,3,15,1018.0,11159.0,1
532,47,1,14,4,1,1,1,4,1,3,0,20,7,2,12,703.0,4960.0,1
533,40,1,5,1,2,1,1,4,1,3,1,20,13,5,21,580.0,10475.0,1
534,53,1,7,1,2,8,2,3,3,3,0,32,1,3,19,970.0,14814.0,1
536,60,1,16,4,1,1,1,1,1,3,0,10,2,8,14,1179.0,5405.0,1
537,27,1,10,1,3,4,2,4,1,2,2,9,7,1,21,294.0,8793.0,1
539,50,1,8,4,2,7,1,4,2,3,1,4,2,7,15,316.0,3875.0,1
540,28,2,1,1,1,2,2,1,2,3,0,10,7,7,13,654.0,2216.0,0
541,36,2,8,1,2,8,2,1,1,3,1,10,7,9,14,427.0,11713.0,1
542,38,2,1,1,1,4,2,3,3,4,0,10,0,4,14,168.0,7861.0,1
543,44,1,24,2,1,3,2,1,3,3,0,9,2,2,14,381.0,3708.0,1
544,47,2,3,2,3,1,1,4,3,2,2,28,2,9,12,217.0,13770.0,1
545,30,1,27,4,3,1,1,3,4,2,1,10,7,7,23,501.0,5304.0,1
546,29,1,10,1,1,7,1,3,3,3,0,1,0,1,11,1396.0,2642.0,1
547,42,1,19,2,3,2,2,3,3,3,0,7,2,6,12,933.0,2759.0,0
548,43,1,15,1,2,1,1,4,4,3,1,7,2,3,18,775.0,6804.0,1
549,34,2,8,2,1,5,2,2,3,3,0,10,1,3,11,970.0,6142.0,1
550,23,1,9,2,2,3,2,2,1,4,1,5,3,1,14,650.0,2500.0,1
551,39,2,3,6,2,9,3,3,2,1,1,12,3,9,15,141.0,6389.0,1
552,56,1,9,2,2,5,2,3,4,2,0,30,7,7,11,832.0,11103.0,1
553,40,2,2,2,1,2,2,4,4,2,0,5,2,0,20,804.0,2342.0,1
554,27,2,7,2,1,5,2,4,1,1,0,9,6,8,19,975.0,6811.0,1
555,29,1,10,4,3,7,1,4,2,3,2,2,2,1,14,1090.0,2297.0,1
556,53,1,6,1,1,3,2,4,4,3,0,19,2,2,17,346.0,2450.0,1
557,35,2,2,1,3,5,2,4,1,4,1,16,0,2,11,1225.0,5093.0,1
558,32,1,24,1,2,3,2,1,4,3,2,10,8,1,15,430.0,5309.0,1
559,38,1,2,2,2,2,2,4,3,1,1,6,0,6,13,268.0,3057.0,1
560,34,2,8,1,3,4,2,2,1,3,1,7,0,3,14,167.0,5121.0,1
561,52,1,3,4,2,6,1,3,1,4,0,34,6,1,11,621.0,16856.0,1
562,33,1,1,3,1,2,2,4,4,2,0,10,9,1,13,527.0,2686.0,0
563,25,2,26,2,1,1,1,3,4,2,0,6,5,1,23,883.0,6180.0,1
564,45,1,2,5,1,7,1,2,3,3,0,9,7,0,13,954.0,6632.0,1
565,23,1,10,2,1,2,2,1,3,3,0,2,2,1,18,310.0,3505.0,1
566,47,2,27,1,1,1,1,2,3,3,0,8,4,4,12,719.0,6397.0,0
567,34,1,2,3,1,1,1,4,4,3,0,6,5,1,22,304.0,6274.0,1
569,36,1,8,1,1,1,1,1,1,3,0,10,7,1,15,1434.0,7587.0,1
570,52,1,19,2,2,2,2,4,4,3,1,5,3,0,18,715.0,4258.0,1
571,26,2,1,1,3,3,2,1,4,3,1,5,2,3,14,575.0,4364.0,1
572,29,2,27,2,2,5,2,2,3,2,1,11,7,4,12,657.0,4335.0,1
573,26,1,8,5,1,1,1,4,1,2,0,6,3,6,17,1146.0,5326.0,0
574,34,2,1,1,1,2,2,2,4,3,0,10,2,2,16,182.0,3280.0,1
575,54,2,19,2,3,4,2,4,1,3,2,9,3,9,11,376.0,5485.0,1
576,27,1,8,4,2,1,1,3,4,3,1,5,2,0,19,829.0,4342.0,1
577,37,2,10,1,3,2,2,4,1,2,2,6,3,0,13,571.0,2782.0,1
578,38,2,2,1,1,4,2,1,1,3,0,17,7,6,12,240.0,5980.0,1
579,34,2,2,2,1,2,2,3,1,3,0,6,5,1,11,121.0,4381.0,1
580,35,2,8,1,2,7,1,1,4,2,1,3,2,1,16,384.0,2572.0,1
581,30,1,1,1,2,3,2,4,3,3,2,7,2,3,21,921.0,3833.0,1
582,40,2,2,2,2,5,2,3,2,3,1,8,7,1,24,791.0,4244.0,1
583,34,2,8,1,2,1,1,3,1,3,1,6,2,5,17,1111.0,6500.0,1
585,23,1,6,1,2,3,2,3,1,3,2,1,0,1,21,1243.0,1601.0,0
586,24,1,9,1,3,3,2,3,2,3,3,1,0,1,11,1092.0,2694.0,1
587,52,2,11,1,2,3,2,4,3,3,1,9,2,8,20,1325.0,3149.0,1
589,29,2,1,1,2,3,2,2,1,3,1,1,0,1,11,805.0,2319.0,0
590,33,1,7,2,2,8,2,3,3,4,0,14,9,0,11,213.0,11691.0,1
591,33,2,16,4,1,1,1,1,1,3,0,6,2,5,15,118.0,5324.0,0
592,47,2,2,3,2,6,2,3,4,2,1,26,14,1,11,202.0,16752.0,1
593,36,2,1,3,2,4,2,3,2,3,1,10,7,0,15,676.0,5228.0,1
594,29,1,23,1,2,2,2,3,3,3,1,10,7,1,24,1252.0,2700.0,1
596,35,2,1,1,1,2,2,4,3,3,0,7,2,3,13,1258.0,2506.0,1
597,42,2,1,1,2,4,2,4,4,3,1,8,3,9,13,932.0,6062.0,1
598,28,1,2,2,1,2,2,3,3,2,0,5,2,6,17,890.0,4382.0,0
599,36,1,13,6,2,9,3,3,2,3,1,8,2,4,13,1041.0,2143.0,1
600,32,2,4,1,2,4,2,3,3,3,1,14,13,1,12,859.0,6162.0,1
601,40,1,16,2,1,3,2,1,3,3,0,10,0,6,14,720.0,5094.0,1
602,30,2,2,2,1,4,2,3,4,2,0,12,0,5,24,946.0,6877.0,1
603,45,2,2,1,1,2,2,2,3,3,0,1,0,1,14,252.0,2274.0,1
604,42,1,29,1,2,4,2,2,2,2,1,10,8,1,13,933.0,4434.0,1
605,38,1,12,1,3,5,2,1,1,2,1,13,3,2,15,471.0,6288.0,1
606,34,2,16,1,1,2,2,3,4,3,0,6,2,1,16,702.0,2553.0,1
607,49,2,11,4,2,1,1,3,4,4,2,9,8,1,18,1184.0,7654.0,0
608,55,1,2,2,1,1,1,3,4,2,0,12,7,4,16,436.0,5160.0,0
610,27,1,5,5,3,8,2,3,4,3,1,9,8,1,16,269.0,12808.0,1
611,35,1,7,3,1,4,2,3,3,4,0,17,5,3,21,950.0,10221.0,1
612,28,2,2,4,2,1,1,2,2,3,0,8,7,1,20,760.0,4779.0,1
613,34,1,3,6,2,9,3,3,4,1,1,4,2,0,19,829.0,3737.0,1
614,26,2,5,2,2,2,2,3,3,3,1,8,7,1,14,887.0,2366.0,0
615,27,1,3,2,2,2,2,4,4,2,3,0,0,1,11,443.0,1706.0,1
616,51,2,26,4,2,6,1,1,3,2,1,29,6,2,14,1318.0,16307.0,1
617,44,1,4,2,1,5,2,4,2,2,0,10,2,9,12,625.0,5933.0,1
618,25,1,2,2,1,2,2,1,1,2,0,6,3,7,13,180.0,3424.0,1
619,33,1,1,2,3,1,1,1,1,3,1,9,8,1,22,586.0,4037.0,1
620,35,2,27,2,1,2,2,3,1,2,0,6,5,1,11,1343.0,2559.0,1
621,36,1,1,1,2,1,1,2,4,2,1,18,14,1,14,928.0,6201.0,1
622,32,1,13,1,3,1,1,2,4,2,1,8,2,2,11,117.0,4403.0,1
623,30,1,5,1,3,2,2,2,4,2,1,10,4,9,12,1012.0,3761.0,1
624,53,2,7,4,2,1,1,1,4,3,1,35,2,7,18,661.0,10934.0,1
625,45,1,9,4,3,1,1,4,1,3,1,18,4,4,12,930.0,10761.0,1
626,32,2,8,2,2,2,2,3,3,2,1,9,3,5,12,638.0,5175.0,1
627,52,2,25,2,2,4,2,3,4,3,0,31,8,3,22,890.0,13826.0,1
628,37,1,16,4,3,1,1,4,3,3,2,9,0,4,19,342.0,6334.0,1
629,28,1,8,2,3,9,3,2,4,3,1,6,1,1,13,1169.0,4936.0,1
630,22,1,1,1,2,4,2,4,4,1,2,4,2,6,22,1230.0,4775.0,1
631,44,1,8,1,2,3,2,1,4,2,1,10,2,2,24,986.0,2818.0,1
632,42,1,2,2,1,2,2,2,4,3,0,8,1,5,14,1271.0,2515.0,1
633,36,1,8,1,2,9,3,1,1,3,0,6,4,0,21,1278.0,2342.0,1
634,25,1,3,3,2,1,1,3,1,3,0,5,3,1,18,141.0,4194.0,1
635,35,2,9,1,2,4,2,4,3,3,1,17,14,1,20,607.0,10685.0,1
636,35,2,25,1,3,2,2,4,2,2,1,10,2,1,19,130.0,2022.0,0
637,32,1,1,1,3,3,2,4,4,3,1,4,0,0,12,300.0,2314.0,1
638,25,1,4,4,2,1,1,3,1,4,0,5,2,1,12,583.0,4256.0,1
639,49,2,1,5,2,2,2,3,1,3,1,7,2,2,16,1418.0,3580.0,1
640,24,1,4,1,2,3,2,1,4,2,0,6,2,0,17,1269.0,3162.0,1
641,32,1,5,1,2,1,1,2,2,3,1,10,8,1,14,379.0,6524.0,1
642,38,1,9,4,2,7,1,2,2,3,1,3,2,0,19,395.0,2899.0,1
643,42,2,3,1,2,3,2,3,4,2,1,17,3,2,13,1265.0,5231.0,1
644,31,1,11,1,2,2,2,4,4,3,1,8,4,3,19,1222.0,2356.0,1
645,29,2,1,2,3,7,1,2,3,3,3,5,2,6,19,341.0,2800.0,0
646,53,1,8,4,2,1,1,1,4,3,1,28,0,5,14,868.0,11836.0,1
647,35,1,25,5,2,4,2,4,2,3,0,16,10,3,16,672.0,10903.0,1
648,37,2,21,2,2,7,1,3,4,3,1,10,4,5,15,1231.0,2973.0,1
649,53,2,23,1,1,8,2,4,4,3,0,33,9,6,18,102.0,14275.0,1
650,43,2,1,1,2,5,2,4,4,2,1,12,2,4,13,422.0,5562.0,1
651,47,2,2,4,2,1,1,3,4,3,1,8,6,0,22,249.0,4537.0,1
652,37,1,19,2,1,1,1,1,2,3,0,10,0,1,13,1252.0,7642.0,1
654,39,2,2,1,2,9,3,4,4,3,2,13,4,8,11,1383.0,5204.0,1
655,33,1,3,6,3,9,3,4,2,4,1,7,3,3,11,1075.0,2277.0,1
656,32,1,25,1,1,3,2,1,4,1,0,1,0,1,24,374.0,2795.0,0
657,29,2,7,2,3,3,2,1,4,3,3,8,3,6,14,1086.0,2532.0,1
658,44,1,9,1,2,2,2,2,1,3,0,8,7,1,13,661.0,2559.0,1
659,28,1,5,2,1,1,1,1,4,3,0,4,2,1,14,821.0,4908.0,1
660,58,1,2,1,3,3,2,4,4,2,1,3,0,9,14,781.0,2380.0,0
661,43,2,8,1,3,4,2,1,2,4,1,4,0,4,21,177.0,4765.0,1
662,20,2,2,2,1,7,1,3,3,2,0,2,2,1,13,500.0,2044.0,0
663,21,2,18,3,1,2,2,4,4,2,0,1,0,1,19,1427.0,2693.0,0
664,36,1,14,1,2,5,2,3,4,2,1,17,8,0,17,1425.0,6586.0,1
665,47,2,2,1,1,7,1,4,4,2,0,3,2,1,18,1454.0,3294.0,1
666,22,2,3,1,2,4,2,2,3,4,1,4,2,0,19,617.0,4171.0,0
667,41,2,2,1,3,3,2,2,4,2,1,10,7,4,13,1085.0,2778.0,0
668,28,2,9,2,3,2,2,3,3,3,1,6,2,5,18,995.0,2377.0,1
669,39,1,6,2,2,3,2,4,1,1,0,8,2,7,21,1122.0,2404.0,0
670,27,2,4,1,1,2,2,2,3,3,0,1,1,1,19,618.0,2318.0,1
671,34,1,10,1,3,3,2,2,2,3,2,1,0,1,14,546.0,2008.0,1
672,42,2,14,2,1,1,1,3,3,3,0,10,4,7,17,462.0,6244.0,1
673,33,1,1,3,1,2,2,3,1,3,0,6,2,3,11,1198.0,2799.0,1
674,58,2,5,5,3,5,2,3,2,3,1,24,0,2,13,1272.0,10552.0,1
675,31,1,7,1,2,7,1,2,3,4,0,13,7,3,15,154.0,2329.0,1
676,35,2,21,1,2,5,2,4,4,1,1,10,6,1,25,1137.0,4014.0,1
677,49,2,8,3,2,3,2,1,2,2,1,29,9,4,11,527.0,7403.0,1
678,48,1,20,2,2,2,2,4,3,2,2,13,0,4,17,1469.0,2259.0,1
679,31,2,20,4,2,1,1,4,3,2,1,9,8,1,13,1188.0,6932.0,1
680,36,1,7,3,1,2,2,2,4,3,0,8,2,2,18,188.0,4678.0,1
681,38,2,1,5,2,8,2,4,1,3,1,15,12,1,13,1333.0,13582.0,1
682,32,2,1,1,2,3,2,3,2,3,0,5,0,6,20,1184.0,2332.0,1
683,25,1,19,4,2,7,1,3,2,3,3,1,0,1,18,867.0,2413.0,0
684,40,1,10,4,3,1,1,1,2,2,1,11,0,2,12,658.0,9705.0,1
685,26,1,1,2,1,1,1,3,1,3,0,7,7,1,12,1283.0,4294.0,1
686,41,1,6,2,1,3,2,4,1,3,0,20,13,2,13,263.0,4721.0,1
687,36,1,2,2,1,3,2,3,3,3,0,16,8,4,21,938.0,2519.0,1
688,19,1,21,3,1,7,1,4,2,4,0,1,0,1,13,419.0,2121.0,0
689,20,1,4,5,1,3,2,1,1,3,0,1,0,1,19,129.0,2973.0,0
690,31,2,12,2,2,5,2,4,4,1,2,10,7,0,11,616.0,5855.0,1
691,40,1,9,2,3,2,2,4,2,3,1,3,1,8,14,1469.0,3617.0,1
692,32,2,3,2,2,4,2,3,1,4,1,8,7,1,12,498.0,6725.0,1
693,36,1,3,1,2,1,1,3,4,3,1,16,7,1,11,530.0,10325.0,0
694,33,2,1,1,1,5,2,2,4,3,0,6,0,0,14,1069.0,6949.0,1
695,37,1,1,1,2,1,1,1,3,1,0,17,1,5,11,625.0,10609.0,0
696,45,1,4,1,2,3,2,3,2,2,0,9,7,1,12,805.0,4447.0,1
697,29,2,20,5,2,7,1,3,4,3,1,3,1,1,15,1404.0,2157.0,1
698,35,2,18,2,2,1,1,3,3,3,0,5,2,1,16,1219.0,4601.0,1
700,58,1,2,5,1,2,2,4,3,3,0,7,0,4,24,289.0,2479.0,0
701,53,1,2,2,3,6,1,3,3,4,1,22,13,6,13,1376.0,14852.0,1
702,30,1,8,3,3,1,1,3,3,4,1,10,4,5,11,231.0,7264.0,1
703,38,2,10,5,1,1,1,3,4,3,0,6,3,1,13,152.0,5666.0,1
704,35,1,3,1,3,1,1,4,4,3,1,12,9,6,13,882.0,7823.0,1
705,39,1,2,1,1,1,1,1,3,3,0,9,7,0,18,903.0,7880.0,1
706,40,2,24,1,1,1,1,2,2,2,0,22,0,4,16,1479.0,13194.0,0
707,47,1,16,2,3,4,2,3,3,4,0,20,10,1,19,1379.0,5067.0,1
708,36,1,8,5,3,1,1,1,4,3,2,12,7,4,13,1229.0,5079.0,1
709,31,1,9,2,1,2,2,3,1,3,0,4,2,0,22,335.0,2321.0,0
711,29,2,10,1,1,2,2,4,1,3,0,3,0,6,20,906.0,2404.0,0
712,33,2,13,1,1,2,2,2,4,3,0,5,2,3,18,461.0,3452.0,1
713,45,2,1,2,3,3,2,4,4,3,2,8,3,3,14,974.0,2270.0,1
715,33,2,1,3,2,5,2,3,2,3,1,6,5,1,13,827.0,5488.0,1
717,27,2,16,5,2,3,2,3,2,3,1,4,2,9,14,1134.0,2811.0,1
718,45,1,23,1,2,3,2,4,1,3,1,9,8,1,15,248.0,3633.0,1
719,47,2,4,1,1,1,1,4,4,3,0,9,0,1,17,955.0,4163.0,1
720,30,2,22,1,2,2,2,1,3,3,0,7,2,4,11,138.0,2132.0,0
721,50,1,24,1,2,4,2,4,3,3,1,22,11,3,18,939.0,13973.0,1
722,38,1,10,2,2,2,2,3,3,2,1,3,1,0,17,1391.0,2684.0,1
723,46,1,7,2,3,4,2,4,3,3,1,13,7,6,13,566.0,10845.0,1
724,24,2,17,2,3,4,2,4,3,3,2,5,2,1,15,1206.0,4377.0,1
725,35,1,14,3,3,3,2,3,2,1,1,5,2,1,24,622.0,3743.0,0
726,31,2,1,1,2,4,2,3,1,3,1,4,3,1,12,853.0,4148.0,1
727,18,1,5,1,1,2,2,2,4,3,0,0,0,1,15,287.0,1051.0,1
728,54,2,17,5,2,4,2,3,3,3,1,22,7,8,11,1441.0,10739.0,1
729,35,2,25,2,3,5,2,3,3,2,1,16,10,1,11,583.0,10388.0,1
730,30,2,8,1,2,8,2,2,1,2,3,9,7,0,12,153.0,11416.0,1
731,20,2,11,2,1,2,2,4,1,3,0,1,0,1,15,1097.0,2600.0,0
732,30,2,5,2,1,3,2,2,2,3,0,4,2,0,17,109.0,2422.0,0
733,26,1,2,2,2,4,2,4,4,3,0,8,7,1,12,1066.0,5472.0,1
734,22,1,8,1,2,3,2,2,1,2,1,4,3,1,15,217.0,2451.0,1
735,48,1,6,1,1,5,2,1,3,3,0,19,2,2,13,277.0,4240.0,1
736,48,1,4,1,1,5,2,3,3,3,0,27,11,7,14,1355.0,10999.0,1
737,41,2,7,2,1,4,2,4,3,3,0,8,2,6,14,549.0,5003.0,1
738,39,2,1,1,2,4,2,4,4,3,1,21,6,1,16,466.0,12742.0,1
739,27,2,2,1,2,4,2,1,4,3,1,4,2,0,18,1055.0,4227.0,1
740,35,1,10,3,3,3,2,2,4,2,1,3,2,1,20,802.0,3917.0,1
742,50,1,9,1,2,3,2,1,4,3,0,8,0,4,18,804.0,2380.0,1
743,59,2,2,1,1,4,2,3,4,3,0,30,3,3,13,715.0,13726.0,1
744,37,2,11,2,2,5,2,1,2,1,0,15,0,5,15,1141.0,4777.0,0
745,55,1,18,2,2,5,2,3,2,3,2,17,7,3,14,135.0,6385.0,1
747,38,1,3,1,1,1,1,2,4,3,0,19,0,8,12,1035.0,6861.0,1
748,26,1,29,2,1,1,1,2,1,3,0,7,2,8,18,265.0,4969.0,0
750,44,2,28,2,2,1,1,4,4,3,1,23,11,3,18,1448.0,13320.0,1
751,50,2,1,1,2,1,1,4,3,3,1,19,7,0,12,145.0,6347.0,1
752,36,2,16,1,1,3,2,3,1,3,0,18,13,1,16,885.0,2743.0,0
753,39,2,22,2,1,4,2,4,1,3,0,21,6,1,13,945.0,10880.0,1
754,33,2,8,1,1,7,1,2,4,2,0,3,2,0,19,1038.0,2342.0,1
756,32,2,29,2,1,3,2,4,3,3,0,10,7,9,12,1109.0,4025.0,1
757,34,1,1,4,3,1,1,2,4,2,1,16,1,0,11,216.0,9725.0,1
758,59,1,1,5,2,6,1,2,4,1,1,14,4,3,14,1089.0,11904.0,1
759,45,1,24,2,1,9,3,2,2,3,0,6,3,1,16,788.0,2177.0,1
760,53,2,2,4,2,1,1,3,2,3,1,30,7,2,12,124.0,7525.0,1
761,36,1,15,3,3,3,2,1,3,2,1,9,0,7,14,660.0,4834.0,0
762,26,1,2,1,2,2,2,1,1,3,1,6,2,6,14,342.0,2042.0,0
763,34,2,10,1,2,7,1,3,3,3,1,1,1,1,19,1333.0,2220.0,1
764,28,1,10,2,2,7,1,4,2,3,0,1,0,1,22,1144.0,1052.0,1
765,38,1,3,3,2,2,2,3,3,3,1,8,2,3,16,1186.0,2821.0,1
767,37,2,3,3,1,5,2,4,2,2,0,8,3,3,15,124.0,4107.0,1
768,40,1,26,4,2,1,1,3,1,2,1,8,7,1,14,300.0,8396.0,1
769,26,2,1,2,3,2,2,1,3,3,2,5,3,1,13,921.0,2007.0,1
771,54,2,2,1,2,1,1,3,3,3,1,13,4,6,11,1082.0,10686.0,1
772,56,2,9,2,2,2,2,1,3,3,1,18,4,2,19,1240.0,2942.0,1
773,36,2,12,2,1,4,2,4,4,2,0,15,8,0,11,796.0,8858.0,1
774,55,1,2,2,1,6,2,3,1,4,0,31,7,7,15,444.0,16756.0,1
775,43,1,25,2,3,1,1,3,4,3,1,18,0,5,13,415.0,10798.0,1
776,20,2,9,4,1,7,1,4,4,3,0,2,2,1,14,769.0,2323.0,0
777,21,2,10,1,1,3,2,3,1,2,0,1,0,1,13,1334.0,1416.0,0
778,46,2,8,1,3,2,2,4,1,3,3,19,13,8,23,1003.0,4615.0,1
779,51,1,4,1,2,2,2,1,3,4,3,18,0,9,12,1323.0,2461.0,0
780,28,1,24,5,1,5,2,2,1,2,0,10,7,1,12,1366.0,8722.0,0
781,26,1,1,2,2,3,2,1,1,3,2,6,3,1,16,192.0,3955.0,1
782,30,1,20,3,2,4,2,3,1,2,1,7,2,0,15,1176.0,9957.0,1
783,41,2,7,5,2,2,2,2,3,3,0,10,6,1,13,509.0,3376.0,1
784,38,2,17,1,2,5,2,3,3,2,1,20,9,0,18,330.0,8823.0,1
785,40,1,20,5,2,5,2,1,4,3,1,14,10,4,20,1492.0,10322.0,1
786,27,1,8,1,2,3,2,1,3,3,3,3,2,1,19,1277.0,4621.0,1
787,55,1,2,1,2,4,2,4,2,3,1,23,2,3,18,1091.0,10976.0,1
788,28,2,10,3,1,2,2,3,3,4,0,10,7,3,13,857.0,3660.0,1
789,44,1,1,2,2,9,3,2,1,3,1,24,6,9,14,1376.0,10482.0,0
790,33,1,5,1,3,5,2,4,4,3,1,9,2,4,15,654.0,7119.0,1
791,35,1,4,5,1,1,1,4,1,3,0,9,7,0,22,1204.0,9582.0,0
792,33,2,29,2,1,2,2,1,3,3,0,14,7,1,22,827.0,4508.0,0
793,28,1,15,1,3,3,2,1,3,2,1,4,2,1,16,895.0,2207.0,1
794,34,1,3,1,1,5,2,1,4,2,0,7,2,0,17,618.0,7756.0,1
795,37,2,10,1,3,1,1,4,4,3,3,8,0,2,14,309.0,6694.0,1
796,25,1,4,5,2,3,2,4,4,4,1,7,7,1,15,1219.0,3691.0,0
797,26,1,21,2,3,3,2,1,3,2,1,1,1,1,20,1330.0,2377.0,0
798,33,1,25,2,1,2,2,1,2,3,0,5,2,4,20,1017.0,2313.0,0
800,28,1,1,2,3,3,2,1,2,3,2,1,0,1,15,1009.0,2596.0,0
801,50,1,1,3,1,1,1,4,3,3,0,5,0,3,14,959.0,4728.0,0
802,33,2,7,1,2,1,1,4,2,3,1,4,2,0,17,970.0,4302.0,1
803,34,1,3,1,2,2,2,3,4,3,3,6,0,3,17,697.0,2979.0,1
804,48,1,1,2,1,6,2,1,4,2,0,27,4,2,22,1262.0,16885.0,1
805,45,2,9,1,2,1,1,2,3,3,1,15,10,1,13,1050.0,5593.0,1
806,52,1,7,1,1,5,2,2,2,3,0,18,6,7,19,994.0,10445.0,1
807,38,1,10,4,3,1,1,3,3,3,2,9,7,0,14,770.0,8740.0,1
808,29,2,28,1,3,2,2,3,4,3,1,11,5,4,22,1107.0,2514.0,1
809,28,2,3,2,3,4,2,4,2,2,3,10,7,0,17,950.0,7655.0,1
811,38,1,2,4,1,1,1,4,2,3,0,10,0,7,16,130.0,7351.0,1
812,43,2,27,1,2,4,2,3,1,3,1,18,7,8,11,1082.0,10820.0,1
813,39,1,2,1,3,5,2,1,4,3,3,21,7,7,11,203.0,12169.0,0
815,21,2,1,5,1,2,2,4,2,4,0,2,2,1,11,984.0,2070.0,1
816,39,1,9,1,1,3,2,3,2,2,0,9,4,9,15,439.0,6782.0,1
817,36,1,18,1,1,4,2,1,4,3,0,18,9,2,20,217.0,7779.0,1
818,31,1,20,1,2,7,1,3,4,3,1,3,2,0,12,793.0,2791.0,1
819,28,1,2,1,2,2,2,1,2,1,0,6,3,0,17,1451.0,3201.0,1
820,35,1,11,4,3,1,1,4,4,3,1,5,2,1,11,1182.0,4968.0,1
821,49,1,8,5,2,1,1,4,2,3,1,22,8,6,17,174.0,13120.0,1
822,34,1,2,1,1,4,2,4,3,2,0,5,2,2,11,1003.0,4033.0,1
823,29,2,10,1,3,2,2,4,2,2,2,8,5,0,14,490.0,3291.0,1
824,42,1,29,2,1,3,2,2,4,3,0,16,0,4,19,188.0,4272.0,1
825,29,1,8,2,2,4,2,2,4,2,1,10,7,1,15,718.0,5056.0,1
826,38,1,1,6,2,9,3,3,3,4,1,7,6,1,13,433.0,2844.0,1
827,28,1,6,1,3,2,2,3,3,3,1,3,1,1,14,773.0,2703.0,1
828,18,1,8,2,1,3,2,3,3,3,0,0,0,1,12,247.0,1904.0,0
829,33,2,9,4,1,1,1,1,1,3,0,6,2,0,17,603.0,8224.0,0
830,41,1,12,1,2,3,2,2,4,3,1,6,0,3,11,167.0,4766.0,1
831,31,1,15,2,2,3,2,3,3,2,1,2,2,1,12,874.0,2610.0,0
832,37,2,25,2,3,5,2,3,4,3,2,9,2,7,13,367.0,5731.0,1
833,27,1,6,1,2,2,2,4,3,3,1,4,2,1,13,199.0,2539.0,1
834,34,2,9,1,2,1,1,2,3,2,0,6,5,1,20,1400.0,5714.0,1
835,35,1,8,5,1,9,3,3,3,1,0,6,4,1,17,528.0,4323.0,1
836,29,2,23,1,2,1,1,4,1,1,1,11,8,1,13,408.0,7336.0,0
837,40,2,9,2,1,8,2,2,3,2,0,20,7,9,17,593.0,13499.0,1
838,42,1,12,1,1,1,1,3,1,2,0,22,9,0,12,481.0,13758.0,0
839,42,1,4,4,1,1,1,2,1,4,0,9,4,7,13,647.0,5155.0,1
840,35,1,1,2,2,3,2,4,3,3,1,10,0,6,12,982.0,2258.0,1
841,24,1,24,2,1,3,2,4,2,3,0,6,3,8,22,477.0,3597.0,1
842,28,2,12,1,2,3,2,3,4,2,0,1,1,1,11,1485.0,2515.0,0
843,26,1,3,2,2,3,2,1,4,3,1,8,7,1,22,1384.0,4420.0,1
844,30,1,10,4,2,1,1,3,3,3,1,10,3,1,18,852.0,6578.0,1
845,40,2,26,2,2,2,2,3,4,1,1,16,1,3,13,902.0,4422.0,1
846,35,1,2,1,3,4,2,3,2,4,1,15,7,2,18,819.0,10274.0,1
847,34,1,1,2,1,5,2,4,1,3,0,14,9,0,20,669.0,5343.0,1
848,35,1,4,3,2,3,2,4,4,4,1,2,2,1,13,636.0,2376.0,1
849,43,2,9,4,1,1,1,1,3,2,0,7,3,8,13,1372.0,5346.0,0
850,32,2,2,1,3,7,1,3,1,3,3,1,0,1,12,862.0,2827.0,1
852,29,2,6,2,2,3,2,2,4,3,1,10,8,1,13,1401.0,3131.0,1
853,19,1,9,1,1,2,2,3,1,3,0,1,1,1,25,645.0,2552.0,1
854,45,2,7,2,2,2,2,1,3,2,1,7,2,4,19,1457.0,4477.0,1
855,37,2,1,1,2,4,2,4,4,2,1,14,8,1,13,977.0,6474.0,1
856,20,1,3,1,1,3,2,1,3,2,0,2,2,1,12,805.0,3033.0,1
857,44,1,10,1,1,2,2,3,3,3,0,6,4,1,11,1097.0,2936.0,0
859,29,2,15,1,2,2,2,2,4,2,1,6,4,0,18,942.0,2168.0,1
860,22,1,3,1,2,2,2,3,4,3,1,1,0,0,11,1256.0,2853.0,0
862,44,1,17,1,1,2,2,4,3,3,0,6,0,2,13,111.0,2290.0,1
863,33,1,2,6,2,9,3,2,3,3,1,5,4,1,13,147.0,3600.0,1
864,41,1,5,1,3,2,2,1,1,1,1,5,0,6,17,906.0,2107.0,0
865,30,1,29,1,3,1,1,3,1,3,3,8,3,8,19,1329.0,4115.0,1
866,40,1,2,2,2,1,1,2,2,3,3,5,0,5,12,1184.0,4327.0,1
868,28,1,19,2,2,3,2,4,1,3,3,6,5,1,12,1179.0,3196.0,1
870,35,1,17,1,2,1,1,3,1,3,3,15,7,3,15,1361.0,8966.0,1
871,24,2,17,1,2,3,2,4,2,1,1,1,0,1,13,984.0,2210.0,0
872,33,2,25,2,2,1,1,2,3,2,1,10,7,1,12,1146.0,4539.0,1
873,36,1,6,1,3,3,2,3,3,3,1,7,7,1,14,917.0,2741.0,1
874,30,1,7,1,3,3,2,3,3,2,3,10,7,1,13,853.0,3491.0,1
875,44,1,29,3,1,2,2,4,4,3,0,20,11,1,25,200.0,4541.0,1
876,20,1,21,4,1,7,1,3,4,3,0,2,1,1,17,654.0,2678.0,1
877,46,1,2,5,3,4,2,4,4,2,1,12,3,2,11,150.0,7379.0,1
878,42,1,2,2,2,9,3,4,1,4,1,10,3,7,16,179.0,6272.0,1
879,60,1,7,4,3,1,1,2,4,3,1,12,7,0,18,696.0,5220.0,1
880,32,2,13,3,2,3,2,3,2,3,1,2,2,1,20,116.0,2743.0,1
881,32,2,2,1,1,2,2,4,3,3,0,10,7,4,14,1316.0,4998.0,1
882,36,2,1,5,3,4,2,3,1,3,1,17,7,2,21,363.0,10252.0,1
883,33,1,9,2,2,2,2,1,4,3,1,15,10,0,13,117.0,2781.0,1
884,40,2,10,5,3,1,1,2,2,4,1,7,1,7,12,107.0,6852.0,1
885,25,1,10,1,1,1,1,3,4,3,0,5,3,0,14,1356.0,4950.0,1
886,30,1,1,2,2,2,2,4,2,3,1,12,9,0,21,1465.0,3579.0,1
887,42,2,26,2,2,8,2,1,1,3,0,20,0,3,17,458.0,13191.0,1
888,35,2,8,4,2,1,1,3,4,2,1,16,2,4,11,1212.0,10377.0,1
889,27,1,14,1,2,2,2,1,1,2,2,9,7,1,14,1103.0,2235.0,1
890,54,2,1,1,3,4,2,4,3,1,1,33,4,7,17,966.0,10502.0,1
891,44,2,2,1,2,2,2,1,4,3,1,10,5,1,13,1117.0,2011.0,1
892,19,2,10,2,1,2,2,1,2,4,0,1,1,1,25,504.0,1859.0,0
893,29,2,1,1,3,2,2,1,4,3,3,3,2,1,15,1010.0,3760.0,1
895,31,1,11,2,2,5,2,3,1,2,0,6,5,1,12,1332.0,6833.0,1
896,31,2,24,2,1,5,2,3,1,3,0,10,9,1,19,1062.0,6812.0,1
897,59,2,3,1,1,1,1,3,4,3,0,13,1,5,17,326.0,5171.0,1
900,36,1,3,5,2,2,2,3,2,2,0,12,10,1,12,469.0,3692.0,1
901,48,1,2,5,1,3,2,4,2,2,0,7,0,5,11,969.0,2559.0,1
902,27,1,4,1,3,2,2,1,3,3,3,5,3,1,11,1167.0,2517.0,1
903,29,1,7,1,3,5,2,3,4,3,2,6,0,1,11,1329.0,6623.0,1
905,29,2,1,1,3,8,2,4,4,2,2,9,7,3,14,694.0,16124.0,1
906,34,2,20,5,2,2,2,3,3,2,0,2,0,0,17,1320.0,2585.0,1
908,33,1,10,4,3,1,1,4,3,3,2,10,8,0,14,536.0,8380.0,1
909,19,2,25,1,1,2,2,2,4,3,0,1,0,1,12,265.0,2994.0,1
910,23,1,1,1,2,2,2,4,3,3,1,1,0,1,22,373.0,1223.0,1
911,25,1,24,1,1,7,1,3,4,3,0,1,0,1,14,599.0,1118.0,0
912,26,1,4,1,1,2,2,3,4,2,0,8,5,1,20,583.0,2875.0,1
914,55,1,8,2,3,5,2,4,2,3,1,34,9,1,15,177.0,13577.0,1
915,21,2,10,1,1,3,2,1,3,1,0,2,2,1,20,251.0,2625.0,0
917,34,2,2,4,1,1,1,3,1,3,0,4,2,0,12,131.0,4538.0,1
919,59,1,18,2,1,4,2,4,4,2,0,25,7,6,12,1429.0,10512.0,1
920,34,2,19,2,3,3,2,3,2,4,2,15,8,4,13,135.0,4444.0,1
921,28,1,1,2,1,3,2,4,3,2,0,5,2,0,11,791.0,2154.0,1
923,34,1,11,1,2,9,3,3,2,4,2,14,9,4,11,648.0,4490.0,1
924,35,1,6,1,2,2,2,3,3,3,0,4,2,0,14,735.0,3506.0,1
925,42,2,7,2,2,2,2,2,2,3,0,18,0,6,16,603.0,2372.0,1
926,43,2,4,4,1,1,1,4,4,4,0,23,7,3,14,531.0,10231.0,1
927,36,2,2,1,1,4,2,3,2,3,0,18,14,9,11,429.0,5410.0,1
928,44,2,15,2,2,5,2,1,4,3,1,10,7,1,11,621.0,7978.0,0
929,28,1,2,1,2,3,2,4,4,3,1,2,2,1,12,193.0,3867.0,1
930,51,2,6,2,1,3,2,2,3,2,0,8,0,0,14,968.0,2838.0,1
931,30,2,9,2,1,4,2,3,3,3,0,10,4,7,18,879.0,4695.0,1
932,29,2,7,5,3,3,2,2,3,3,2,10,7,3,13,806.0,3339.0,0
933,28,1,1,5,1,2,2,4,1,2,0,5,2,2,11,640.0,2080.0,1
934,25,2,1,2,1,2,2,4,2,2,0,2,2,1,18,266.0,2096.0,1
935,32,1,8,2,2,1,1,3,4,4,2,10,7,1,15,604.0,6209.0,1
938,58,1,23,1,3,2,2,1,3,3,2,2,2,1,12,848.0,2372.0,1
939,32,1,7,1,2,3,2,4,3,3,1,10,4,1,18,1089.0,4883.0,0
940,39,1,23,2,1,2,2,3,1,3,0,6,2,0,13,360.0,3904.0,0
941,30,2,6,5,2,3,2,1,4,3,1,10,2,0,12,1138.0,4627.0,1
942,36,2,10,5,2,5,2,4,3,3,0,10,7,3,12,325.0,7094.0,1
943,46,2,1,1,1,9,3,4,1,4,0,10,6,6,12,991.0,3423.0,1
944,28,2,1,1,2,3,2,3,4,3,3,10,8,0,11,1476.0,6674.0,1
945,50,2,28,1,2,8,2,4,1,3,0,25,2,4,11,1322.0,16880.0,1
946,40,1,25,4,1,1,1,4,2,3,0,9,4,2,12,299.0,9094.0,0
947,52,1,5,1,1,1,1,2,2,2,0,10,7,9,19,1030.0,8446.0,0
948,30,2,17,2,2,6,2,2,1,3,2,9,1,1,23,634.0,11916.0,1
949,39,1,18,1,1,4,2,1,3,3,0,9,7,0,11,524.0,4534.0,1
950,31,2,2,1,3,1,1,4,3,2,1,10,8,1,19,587.0,9852.0,1
951,41,1,10,2,1,1,1,3,2,3,0,19,2,1,13,256.0,6151.0,1
952,31,2,1,1,1,7,1,4,2,4,0,3,2,1,11,1060.0,2302.0,0
953,44,1,3,1,2,3,2,1,1,4,0,10,2,4,12,935.0,2362.0,0
957,40,1,16,1,3,2,2,3,3,3,1,6,2,9,16,458.0,3544.0,1
958,34,1,9,1,3,5,2,4,4,2,1,10,7,0,11,943.0,8500.0,1
959,40,1,2,1,1,2,2,3,4,3,0,9,8,1,13,523.0,4661.0,1
960,41,2,1,4,3,1,1,3,1,3,1,10,3,0,17,1018.0,4103.0,1
961,35,1,4,1,1,2,2,3,3,3,0,9,6,1,11,482.0,4249.0,1
962,51,1,5,1,3,6,3,3,2,3,1,33,9,1,11,770.0,14026.0,1
963,38,2,2,1,3,1,1,2,1,3,1,11,7,3,15,1009.0,6893.0,1
964,34,2,15,2,1,1,1,3,1,4,0,10,8,1,12,507.0,6125.0,1
965,25,1,19,2,2,3,2,4,4,2,3,7,2,3,11,882.0,3669.0,1
966,58,2,7,2,2,4,2,3,1,2,0,31,9,7,14,601.0,10008.0,0
967,40,1,1,1,2,3,2,2,2,3,1,7,2,3,22,329.0,2387.0,1
968,36,2,7,4,2,1,1,1,1,2,1,17,7,2,16,607.0,4639.0,1
969,48,1,4,1,1,4,2,4,4,3,0,11,9,1,11,855.0,7898.0,1
970,27,2,11,2,2,7,1,3,4,3,1,5,0,8,14,1291.0,2534.0,1
971,51,2,11,5,1,4,2,4,2,2,0,29,2,3,16,1405.0,13142.0,1
972,18,2,1,1,1,3,2,4,4,4,0,0,0,1,15,1124.0,1611.0,1
973,35,2,1,2,2,3,2,4,4,3,1,10,7,0,12,817.0,5363.0,1
974,27,1,2,1,1,1,1,4,4,3,0,8,2,3,20,793.0,5071.0,1
975,55,1,13,4,1,1,1,1,3,2,0,24,7,6,17,267.0,13695.0,0
976,56,1,23,1,2,4,2,4,2,3,1,33,16,4,12,1369.0,13402.0,1
977,34,2,26,5,3,2,2,1,3,3,3,5,4,1,20,999.0,2029.0,1
978,40,2,2,2,3,5,2,2,3,3,3,15,11,5,20,1202.0,6377.0,1
979,34,1,29,2,2,3,2,2,3,3,2,10,7,4,13,285.0,5429.0,1
980,31,2,2,1,1,7,1,3,4,4,0,3,0,7,14,703.0,2785.0,0
981,35,2,18,4,2,1,1,4,3,2,1,5,2,0,18,662.0,4614.0,0
982,38,1,7,1,3,2,2,4,3,3,3,4,2,1,11,693.0,2610.0,1
983,34,2,2,5,1,5,2,3,4,4,0,14,11,1,11,404.0,6687.0,1
984,28,1,26,1,2,1,1,3,1,3,1,5,3,1,11,736.0,4724.0,1
985,31,1,22,2,2,4,2,4,3,2,2,10,2,1,15,330.0,6179.0,0
986,39,1,21,1,2,1,1,1,4,4,2,8,4,3,12,1498.0,6120.0,1
987,51,1,2,4,2,1,1,2,2,3,0,14,2,2,11,541.0,10596.0,1
988,41,2,22,1,3,2,2,4,4,2,2,12,2,3,14,1200.0,5467.0,1
989,37,1,4,1,2,2,2,3,3,3,0,8,4,7,15,1439.0,2996.0,1
990,33,1,5,1,2,1,1,2,4,4,0,8,4,6,13,1111.0,9998.0,1
991,32,1,2,4,2,1,1,3,2,2,3,4,2,0,13,499.0,4078.0,1
992,39,1,25,1,2,5,2,3,3,3,1,13,4,3,21,1485.0,10920.0,1
993,25,1,18,1,2,1,1,1,3,2,0,6,2,2,11,1372.0,6232.0,1
994,52,2,28,2,2,4,2,4,3,2,1,24,3,2,11,322.0,13247.0,1
995,43,2,6,2,1,2,2,1,3,1,0,20,7,1,14,930.0,4081.0,1
996,27,2,10,4,2,1,1,4,4,3,0,6,2,1,11,205.0,5769.0,1
997,27,2,17,1,1,2,2,4,3,3,0,8,2,1,13,135.0,2394.0,0
998,26,1,2,2,1,2,2,1,4,3,0,5,3,0,12,683.0,3904.0,1
999,42,2,10,6,2,6,3,3,1,3,1,21,7,0,14,1147.0,16799.0,1
1000,52,2,8,3,2,3,2,3,1,1,0,12,4,9,13,258.0,2950.0,1
1001,37,2,11,2,1,3,2,1,3,3,0,8,2,4,18,1462.0,3629.0,1
1002,35,1,18,1,1,4,2,3,4,3,0,10,2,2,11,200.0,9362.0,1
1003,25,1,1,5,2,3,2,1,4,2,1,7,2,4,11,949.0,3229.0,1
1004,26,1,7,3,1,3,2,3,1,3,0,8,7,0,12,652.0,3578.0,1
1005,29,1,17,3,1,9,3,2,1,2,0,10,9,1,13,332.0,7988.0,1
1006,49,1,28,1,1,3,2,1,1,3,0,20,3,3,20,1475.0,4284.0,0
1007,29,2,14,3,1,5,2,3,4,3,0,9,7,0,12,337.0,7553.0,0
1010,55,1,1,2,3,8,2,2,4,4,2,31,7,2,13,1136.0,14732.0,1
1011,36,2,3,4,1,1,1,1,2,3,0,15,4,3,16,1174.0,9278.0,1
1012,31,2,1,1,1,7,1,2,3,3,0,1,0,1,12,667.0,1359.0,0
1013,30,2,7,4,3,1,1,4,1,3,2,8,2,7,14,855.0,4779.0,1
1014,31,2,8,1,1,8,2,1,2,4,0,9,2,3,11,182.0,16422.0,1
1015,34,1,1,3,3,2,2,4,1,3,2,10,3,5,14,560.0,2996.0,1
1016,31,2,8,1,1,2,2,1,2,4,0,1,0,1,12,202.0,1261.0,0
1017,27,1,11,1,2,3,2,2,1,4,0,6,0,0,14,1377.0,2099.0,1
1018,36,1,4,1,1,3,2,1,4,2,0,10,4,1,16,172.0,5810.0,1
1019,36,2,16,4,2,1,1,3,1,2,2,11,2,4,13,329.0,5647.0,1
1020,47,1,1,5,2,2,2,1,4,2,1,17,5,7,12,465.0,3420.0,1
1021,25,1,9,1,2,7,1,1,1,3,0,6,2,3,12,383.0,4400.0,0
1022,37,1,5,5,1,3,2,3,3,1,0,7,5,0,14,1413.0,3500.0,1
1023,56,2,1,1,2,2,2,1,1,4,1,5,2,2,22,1255.0,2066.0,1
1025,24,2,4,2,2,1,1,4,3,3,2,5,4,1,12,1476.0,4162.0,1
1026,32,1,7,4,2,1,1,4,4,2,1,7,3,4,12,601.0,9204.0,1
1027,34,2,1,1,2,3,2,4,2,2,1,7,4,5,17,401.0,3294.0,1
1028,41,1,5,2,2,2,2,2,3,2,0,7,2,2,12,1283.0,2127.0,1
1029,40,1,9,3,3,3,2,3,3,4,2,11,7,3,11,663.0,3975.0,1
1030,31,1,8,1,3,1,1,1,4,3,1,13,7,1,18,326.0,10793.0,1
1031,46,1,9,4,3,1,1,1,4,4,1,28,7,4,11,377.0,10096.0,0
1032,39,2,2,1,1,3,2,1,1,4,0,11,0,2,23,592.0,3646.0,0
1033,31,2,1,1,1,4,2,3,2,3,0,10,8,1,11,1445.0,7446.0,0
1034,45,1,20,2,3,5,2,2,1,3,1,24,7,2,18,1038.0,10851.0,1
1035,31,2,8,2,1,9,3,4,2,3,0,8,2,9,18,1398.0,2109.0,1
1036,31,1,2,1,2,3,2,2,4,1,1,7,2,6,13,523.0,3722.0,0
1037,45,1,29,5,2,4,2,2,4,4,2,10,1,4,18,1448.0,9380.0,1
1038,48,1,7,4,3,1,1,3,1,3,3,15,2,4,11,1221.0,5486.0,1
1039,34,2,9,5,2,9,3,1,3,3,0,2,2,1,15,1107.0,2742.0,0
1040,40,1,8,2,3,8,2,4,2,3,1,16,8,2,11,218.0,13757.0,1
1041,28,1,5,2,1,1,1,4,1,3,0,6,4,0,18,866.0,8463.0,1
1042,44,1,5,1,1,3,2,3,3,3,0,7,2,3,14,981.0,3162.0,1
1043,53,1,2,2,1,8,2,4,2,2,0,35,8,4,12,447.0,16598.0,1
1044,49,1,5,5,2,5,2,1,3,2,1,20,2,2,14,1495.0,6651.0,1
1045,40,1,2,2,3,2,2,3,3,4,1,8,1,2,14,896.0,2345.0,1
1046,44,1,20,1,1,2,2,4,2,2,0,6,2,1,13,1467.0,3420.0,1
1047,33,1,7,2,2,1,1,4,1,3,2,5,3,0,14,430.0,4373.0,1
1048,34,1,3,3,1,1,1,4,1,3,0,15,9,3,18,1326.0,4759.0,1
1049,30,1,16,1,2,1,1,4,3,2,2,4,1,8,15,1358.0,5301.0,1
1050,42,2,9,2,1,3,2,1,4,3,0,12,9,1,13,748.0,3673.0,1
1051,44,2,1,4,2,1,1,1,3,2,1,11,0,7,12,383.0,4768.0,1
1052,30,1,7,5,3,2,2,3,3,2,2,1,0,1,13,990.0,1274.0,1
1053,57,1,1,1,2,2,2,2,3,2,1,13,9,0,24,405.0,4900.0,1
1054,49,1,7,1,3,5,2,3,2,3,2,29,7,3,14,1490.0,10466.0,1
1056,28,1,1,5,2,7,1,1,3,4,1,5,2,3,15,1496.0,2909.0,0
1057,29,2,13,5,1,1,1,1,2,1,0,7,3,5,11,115.0,5765.0,0
1058,34,2,24,2,1,1,1,1,2,4,0,16,9,0,23,790.0,4599.0,0
1059,35,1,7,1,2,7,1,4,3,3,1,1,0,1,13,660.0,2404.0,1
1060,24,1,9,2,1,3,2,2,1,2,0,4,0,2,11,381.0,3172.0,0
1061,24,2,13,1,2,7,1,4,2,3,1,1,0,1,13,830.0,2033.0,1
1062,44,1,2,2,1,4,2,2,3,2,0,16,2,5,18,1193.0,10209.0,1
1063,29,1,19,1,3,1,1,3,3,3,2,10,7,1,14,1246.0,8620.0,1
1064,30,1,1,1,3,9,3,3,3,4,1,6,3,0,21,330.0,2064.0,1
1065,55,1,4,1,2,5,2,4,3,3,0,4,2,0,16,1229.0,4035.0,1
1066,33,2,4,2,2,3,2,1,2,3,0,8,4,8,11,1099.0,3838.0,1
1067,47,2,14,2,2,1,1,3,3,2,1,11,4,3,17,571.0,4591.0,1
1068,28,1,2,2,1,3,2,3,1,2,0,8,0,7,11,289.0,2561.0,0
1069,28,1,1,1,3,2,2,1,3,1,1,1,0,1,14,1423.0,1563.0,1
1070,28,1,7,1,1,1,1,3,1,3,0,5,2,0,14,467.0,4898.0,1
1071,49,2,3,2,2,3,2,3,1,3,1,10,2,4,25,271.0,4789.0,1
1072,29,2,2,1,2,3,2,4,2,3,3,4,2,0,13,410.0,3180.0,1
1073,28,1,29,1,2,4,2,3,2,2,2,8,6,1,14,1083.0,6549.0,1
1074,33,1,8,1,1,5,2,4,3,3,0,14,0,2,17,516.0,6388.0,1
1075,32,1,10,2,1,6,2,3,4,4,0,10,2,2,25,495.0,11244.0,1
1076,54,2,11,2,3,6,2,2,4,3,1,26,9,3,20,1050.0,16032.0,1
1077,29,1,1,5,1,2,2,1,1,1,0,11,7,6,13,224.0,2362.0,0
1078,44,1,28,1,2,8,2,4,1,4,1,24,6,3,13,136.0,16328.0,1
1079,39,2,6,1,1,4,2,2,2,3,0,9,0,4,18,1089.0,8376.0,1
1080,46,2,3,1,2,6,1,3,2,4,1,23,12,8,12,228.0,16606.0,1
1081,35,2,16,1,1,5,2,4,2,1,0,11,8,1,19,1029.0,8606.0,1
1082,23,1,20,1,1,3,2,1,3,3,0,5,3,0,14,507.0,2272.0,1
1083,40,1,9,1,1,3,2,4,1,1,0,15,4,3,14,676.0,2018.0,0
1084,34,1,1,5,2,1,1,4,3,3,0,10,9,1,14,971.0,7083.0,1
1085,31,2,3,1,1,2,2,4,3,1,0,7,2,1,12,561.0,4084.0,0
1086,50,1,22,2,1,8,2,3,4,3,0,32,6,1,13,333.0,14411.0,1
1087,34,1,7,5,2,7,1,2,3,3,1,12,10,0,25,1440.0,2308.0,1
1088,42,1,2,2,2,3,2,3,2,3,1,4,0,4,14,1210.0,4841.0,1
1089,37,1,13,2,2,2,2,1,4,3,0,10,8,1,17,674.0,4285.0,1
1090,29,2,8,3,2,5,2,3,1,3,1,9,7,3,13,441.0,9715.0,1
1091,33,1,25,1,1,4,2,4,2,3,0,5,3,1,13,575.0,4320.0,1
1092,45,1,28,5,2,2,2,4,4,3,1,8,4,4,20,950.0,2132.0,1
1093,42,1,2,1,2,5,2,4,4,1,1,24,8,2,14,288.0,10124.0,1
1094,40,1,9,2,2,1,1,1,1,4,0,9,4,0,12,1342.0,5473.0,1
1095,33,1,28,1,2,3,2,2,3,3,1,15,14,1,12,589.0,5207.0,1
1096,40,1,6,2,1,6,3,3,4,3,0,21,7,1,21,898.0,16437.0,1
1097,24,1,21,5,3,3,2,3,1,3,3,2,1,0,14,350.0,2296.0,1
1098,40,1,8,1,3,5,2,4,4,3,0,8,2,3,18,1142.0,4069.0,1
1099,45,1,1,5,3,5,2,1,2,3,3,10,8,1,12,538.0,7441.0,1
1100,35,2,28,1,2,7,1,2,3,3,2,6,3,0,23,1402.0,2430.0,1
1101,32,2,5,1,2,2,2,4,2,3,1,12,1,3,12,824.0,5878.0,1
1102,36,1,2,1,1,7,1,3,4,2,0,7,2,3,21,1157.0,2644.0,1
1103,48,2,16,1,3,1,1,3,3,3,1,18,7,8,14,492.0,6439.0,1
1104,29,1,9,1,2,2,2,3,3,2,2,5,0,6,18,598.0,2451.0,1
1105,33,1,8,1,2,1,1,1,1,1,1,8,2,2,13,1242.0,6392.0,1
1106,30,1,1,1,2,1,1,2,1,3,1,10,8,1,11,740.0,9714.0,0
1107,38,1,10,6,2,9,3,3,3,3,0,10,3,3,11,888.0,6077.0,1
1108,35,1,1,2,1,3,2,4,1,3,0,3,0,1,19,992.0,2450.0,1
1109,30,1,29,5,2,1,1,3,2,3,1,9,2,3,12,1288.0,9250.0,1
1110,35,2,2,1,3,3,2,1,1,3,1,1,0,1,12,104.0,2074.0,0
1111,53,2,2,5,2,4,2,3,4,3,1,34,7,0,16,607.0,10169.0,0
1112,38,1,2,2,2,4,2,3,2,3,2,7,2,4,11,903.0,4855.0,0
1113,32,1,1,5,2,2,2,4,1,2,1,9,5,4,14,1200.0,4087.0,1
1114,48,2,15,3,2,2,2,3,1,2,1,10,2,8,12,1108.0,2367.0,1
1115,34,1,7,2,1,2,2,1,4,1,0,1,0,1,13,479.0,2972.0,1
1117,34,1,1,1,2,2,2,2,4,2,1,9,2,9,17,1351.0,5484.0,1
1118,26,2,3,1,2,2,2,1,4,3,0,1,0,1,21,474.0,2061.0,1
1119,38,1,14,1,2,1,1,3,2,3,1,10,8,0,11,1245.0,9924.0,1
1120,38,2,16,1,1,1,1,2,2,4,0,8,2,2,12,437.0,4198.0,1
1121,36,2,1,1,1,1,1,2,3,3,0,15,0,6,13,884.0,6815.0,1
1122,29,1,3,2,1,3,2,2,1,3,0,10,9,1,18,1370.0,4723.0,1
1123,35,2,10,2,1,5,2,1,3,3,0,10,2,3,16,670.0,6142.0,1
1124,39,1,6,2,2,1,1,4,3,3,1,11,6,2,11,1462.0,8237.0,1
1125,29,1,2,1,3,5,2,1,4,4,1,6,4,1,19,995.0,8853.0,1
1127,23,1,10,5,2,2,2,4,3,3,1,4,2,2,16,977.0,2073.0,1
1128,36,1,6,1,2,3,2,1,1,3,1,9,2,3,13,1302.0,5562.0,1
1130,35,1,28,1,2,3,2,2,3,2,2,10,9,1,17,750.0,3407.0,1
1131,34,1,10,5,2,5,2,4,3,2,1,8,2,1,14,653.0,5063.0,1
1132,40,2,14,1,2,1,1,4,1,3,1,5,4,1,15,118.0,4639.0,1
1133,43,1,27,5,3,3,2,4,2,3,1,8,4,5,12,990.0,4876.0,1
1134,35,1,7,1,2,3,2,3,4,2,1,1,0,1,18,1349.0,2690.0,1
1136,28,1,24,2,2,3,2,3,2,3,3,1,1,1,17,329.0,2408.0,0
1137,22,2,26,3,2,2,2,2,3,2,0,4,2,1,14,457.0,2814.0,1
1138,50,1,20,2,2,5,2,2,3,3,1,32,8,2,15,1234.0,11245.0,1
1139,32,2,5,3,2,2,2,2,4,3,2,6,2,3,17,634.0,3312.0,1
1141,30,1,7,2,2,2,2,2,2,2,1,6,4,1,12,241.0,2141.0,1
1142,45,2,5,2,1,3,2,3,1,3,0,10,7,1,14,1015.0,5769.0,1
1143,45,1,26,4,2,1,1,1,1,3,1,10,7,1,15,336.0,4385.0,1
1144,31,1,2,3,1,1,1,4,1,3,0,10,2,7,13,715.0,5332.0,1
1145,36,2,12,1,2,4,2,3,3,3,2,7,2,9,12,559.0,4663.0,1
1146,34,1,10,1,3,4,2,3,4,3,1,9,7,1,13,426.0,4724.0,1
1147,49,2,25,1,2,3,2,3,1,2,1,10,6,1,14,722.0,3211.0,1
1148,39,1,10,2,2,4,2,2,1,3,3,10,7,2,13,1387.0,5377.0,1
1149,27,1,19,3,3,3,2,4,1,3,2,7,7,1,11,1302.0,4066.0,1
1150,35,1,18,1,2,2,2,2,1,3,0,16,15,1,11,819.0,5208.0,1
1151,28,2,27,2,3,4,2,2,1,2,1,6,3,0,21,580.0,4877.0,1
1152,21,1,5,2,1,2,2,3,4,3,0,3,2,1,18,546.0,3117.0,1
1153,18,2,3,2,1,7,1,2,4,4,0,0,0,1,12,544.0,1569.0,0
1155,39,1,3,2,3,3,2,3,3,3,1,11,8,0,15,170.0,3069.0,1
1156,40,2,15,1,2,4,2,1,3,3,2,18,15,1,13,884.0,10435.0,1
1157,35,2,8,1,2,5,2,3,3,3,1,15,11,1,12,208.0,4148.0,1
1158,37,1,19,1,2,4,2,3,3,2,3,9,3,3,17,671.0,5768.0,1
1159,39,2,4,2,1,4,2,1,3,1,0,10,2,0,13,711.0,5042.0,1
1160,45,2,2,3,3,4,2,4,4,3,2,10,7,1,19,1329.0,5770.0,1
1161,38,2,2,2,2,4,2,4,3,4,1,10,4,3,19,397.0,7756.0,1
1162,35,1,10,2,2,1,1,4,1,3,0,15,12,9,17,737.0,10306.0,0
1163,37,2,10,2,2,2,2,2,2,1,1,8,4,1,11,1470.0,3936.0,1
1164,40,2,16,1,1,4,2,3,4,2,0,18,2,6,15,448.0,7945.0,1
1165,44,1,1,6,2,9,3,1,4,3,0,14,7,4,11,602.0,5743.0,1
1166,48,1,4,2,2,6,2,3,4,3,1,23,2,2,25,365.0,15202.0,1
1167,35,1,15,2,3,1,1,1,4,2,2,7,2,6,14,763.0,5440.0,0
1168,24,2,2,5,1,2,2,1,4,3,0,6,3,1,13,567.0,3760.0,1
1169,27,2,8,2,2,2,2,2,3,3,0,5,2,7,17,486.0,3517.0,1
1170,27,1,2,2,1,2,2,4,4,2,0,6,2,2,13,591.0,2580.0,1
1171,40,1,7,1,1,3,2,1,1,1,0,10,2,3,14,1329.0,2166.0,0
1172,29,1,10,2,1,1,1,3,3,3,0,8,2,9,11,469.0,5869.0,1
1173,36,2,5,1,2,5,2,2,1,3,2,9,2,4,12,711.0,8008.0,1
1174,25,1,2,1,3,4,2,4,3,3,2,7,7,1,17,772.0,5206.0,1
1175,39,1,12,2,2,4,2,4,2,3,0,7,4,4,21,492.0,5295.0,1
1176,49,2,22,3,2,8,2,1,2,3,2,27,2,3,16,301.0,16413.0,1
1177,50,2,17,1,3,8,2,4,1,3,3,19,11,5,15,813.0,13269.0,1
1178,20,2,2,2,1,7,1,3,3,3,0,2,2,1,19,1141.0,2783.0,1
1179,34,2,3,1,3,2,2,4,2,3,1,11,8,1,12,1130.0,5433.0,1
1180,36,1,7,1,1,3,2,1,2,3,0,15,3,2,11,311.0,2013.0,1
1181,49,2,6,1,2,5,2,3,3,3,1,30,11,2,19,465.0,13966.0,1
1182,36,2,1,2,2,4,2,4,3,3,0,4,2,0,15,894.0,4374.0,1
1183,36,1,3,1,3,5,2,4,1,3,1,13,4,6,20,1040.0,6842.0,1
1186,35,1,12,3,1,1,1,4,4,4,0,13,9,3,24,880.0,4581.0,0
1187,38,1,1,1,2,2,2,4,4,4,2,19,11,7,15,1189.0,4735.0,1
1188,29,1,5,2,3,1,1,1,2,2,1,10,0,1,13,991.0,4187.0,1
1189,33,1,2,2,3,1,1,4,4,3,2,6,2,1,14,392.0,5505.0,1
1190,32,1,2,2,3,2,2,4,2,2,2,10,5,0,13,977.0,5470.0,1
1191,31,2,5,1,2,1,1,1,4,3,2,10,0,1,11,1112.0,5476.0,1
1192,49,2,16,2,3,3,2,4,1,2,1,17,2,4,16,464.0,2587.0,1
1193,38,2,2,2,1,3,2,4,2,3,0,4,3,1,22,148.0,2440.0,1
1194,47,2,2,1,3,6,1,2,2,3,3,29,2,6,14,1225.0,15972.0,1
1195,49,1,1,1,1,6,2,3,3,3,0,23,7,4,14,809.0,15379.0,1
1196,41,1,23,1,1,1,1,4,3,3,0,21,0,3,16,1206.0,7082.0,1
1197,20,1,9,1,1,7,1,4,1,3,0,2,2,1,11,727.0,2728.0,1
1198,33,2,16,1,3,1,1,3,4,3,1,7,5,1,25,530.0,5368.0,1
1199,36,1,26,1,2,5,2,1,3,2,2,10,2,6,14,1351.0,5347.0,1
1200,44,2,1,1,3,9,3,3,4,3,3,8,2,4,18,528.0,3195.0,1
1201,23,1,8,2,1,3,2,4,3,3,0,5,4,1,11,1320.0,3989.0,0
1202,38,2,4,2,2,3,2,4,3,2,1,7,0,7,19,1495.0,3306.0,1
1203,53,1,24,2,2,5,2,2,4,3,0,11,3,3,15,1395.0,7005.0,1
1204,48,2,7,2,2,7,1,4,3,3,2,19,7,2,11,708.0,2655.0,0
1205,32,1,2,1,1,3,2,4,2,3,0,1,0,1,12,1259.0,1393.0,0
1206,26,1,7,2,1,3,2,4,4,3,0,7,7,1,20,786.0,2570.0,1
1207,55,1,22,5,3,2,2,1,2,3,1,8,2,5,12,1441.0,3537.0,1
1208,34,1,5,2,2,3,2,2,4,4,1,15,10,1,14,1157.0,3986.0,1
1209,60,1,1,2,3,5,2,3,4,4,1,19,0,3,20,370.0,10883.0,1
1210,33,1,21,2,2,3,2,2,2,3,3,14,11,1,18,267.0,2028.0,1
1211,37,1,1,2,3,1,1,3,4,2,2,6,3,1,14,1278.0,9525.0,1
1212,34,2,19,1,2,2,2,2,4,3,0,10,9,1,12,678.0,2929.0,1
1213,23,1,7,1,3,7,1,3,4,3,1,3,2,1,21,427.0,2275.0,0
1214,44,2,2,1,2,5,2,3,4,3,1,9,7,1,19,921.0,7879.0,1
1215,35,1,2,2,1,2,2,1,4,4,0,6,4,0,14,146.0,4930.0,1
1216,43,1,2,2,2,1,1,4,4,3,1,10,9,1,17,1179.0,7847.0,1
1217,24,1,9,2,2,2,2,3,3,3,1,5,3,1,16,581.0,4401.0,1
1218,41,1,6,4,1,1,1,4,3,3,0,10,8,1,12,918.0,9241.0,1
1219,29,2,9,2,2,3,2,4,3,3,1,9,3,9,17,1082.0,2974.0,1
1220,36,2,2,1,1,7,1,3,4,2,0,17,7,3,15,530.0,4502.0,1
1221,45,1,1,1,2,5,2,3,3,2,1,25,15,3,23,1238.0,10748.0,1
1222,24,1,22,6,2,9,3,4,3,3,1,1,0,1,11,240.0,1555.0,0
1223,47,1,9,1,2,1,1,3,3,1,0,25,5,7,11,1093.0,12936.0,0
1224,26,1,17,2,2,3,2,4,3,4,3,3,2,1,15,390.0,2305.0,1
1225,45,2,28,5,1,8,2,4,2,3,0,21,6,1,11,1005.0,16704.0,1
1226,32,1,10,1,2,2,2,1,3,2,1,10,2,6,13,585.0,3433.0,1
1227,31,1,2,1,2,3,2,2,3,4,1,6,2,1,14,741.0,3477.0,1
1228,41,1,4,6,2,9,3,3,2,3,1,10,2,6,19,552.0,6430.0,1
1229,40,2,8,1,2,4,2,2,1,3,1,18,0,2,16,369.0,6516.0,1
1230,24,1,29,2,3,3,2,2,1,4,3,6,2,1,13,506.0,3907.0,1
1231,46,1,13,1,1,5,2,3,2,3,0,19,7,6,14,717.0,5562.0,1
1232,35,1,27,1,2,4,2,4,3,3,1,17,7,2,16,1370.0,6883.0,1
1233,30,1,16,1,2,2,2,2,4,2,1,10,0,1,12,793.0,2862.0,1
1234,47,1,2,4,2,1,1,3,2,1,1,4,0,7,11,543.0,4978.0,1
1235,46,1,2,1,3,1,1,3,4,2,1,13,6,4,12,1277.0,10368.0,1
1236,36,1,13,4,3,1,1,2,1,3,3,16,2,5,13,1456.0,6134.0,0
1237,32,1,1,1,1,1,1,1,2,3,0,10,0,6,15,964.0,6735.0,0
1238,23,2,4,2,1,3,2,3,2,1,0,3,2,1,13,160.0,3295.0,1
1239,31,2,24,5,1,4,2,4,4,2,0,9,4,2,20,163.0,5238.0,1
1240,39,1,1,1,2,3,2,4,4,3,1,9,8,1,15,792.0,6472.0,1
1241,32,1,19,1,2,1,1,4,3,1,1,10,3,3,13,371.0,9610.0,1
1243,45,2,4,1,2,9,3,3,3,4,2,9,0,4,21,176.0,9756.0,1
1244,30,2,2,5,1,2,2,4,1,3,0,10,7,0,16,1312.0,4968.0,1
1245,24,1,10,2,2,9,3,1,4,3,1,3,2,0,14,897.0,2145.0,1
1246,30,2,8,6,3,9,3,3,4,2,1,6,2,6,11,600.0,2180.0,0
1247,31,1,5,5,2,1,1,1,3,3,1,6,2,1,19,1003.0,8346.0,1
1248,27,2,8,2,1,2,2,3,4,2,0,6,2,1,11,1054.0,3445.0,1
1249,29,2,9,4,1,7,1,2,2,3,0,2,2,1,13,428.0,2760.0,0
1250,29,1,1,1,1,5,2,4,3,4,0,10,2,8,12,461.0,6294.0,1
1251,30,1,15,4,3,1,1,3,1,3,1,12,7,2,11,979.0,7140.0,1
1252,34,1,2,2,2,2,2,4,4,3,3,6,0,0,14,181.0,2932.0,1
1253,33,2,2,4,1,1,1,4,2,2,0,13,7,8,15,1283.0,5147.0,1
1254,49,2,11,4,1,1,1,4,4,4,0,8,1,3,12,1313.0,4507.0,1
1255,33,2,16,1,1,1,1,1,1,2,0,11,0,2,20,211.0,8564.0,0
1256,38,2,2,2,2,3,2,3,2,2,1,9,1,4,14,594.0,2468.0,1
1257,31,1,16,4,2,1,1,1,3,3,3,10,0,2,13,1079.0,8161.0,0
1258,29,2,4,5,3,2,2,4,1,3,1,1,0,1,13,590.0,2109.0,1
1259,30,1,16,1,2,5,2,3,3,3,1,10,0,3,16,305.0,5294.0,1
1260,32,1,5,5,1,2,2,2,2,3,0,12,7,2,14,953.0,2718.0,1
1261,38,1,18,2,2,5,2,2,4,3,1,15,0,3,16,833.0,5811.0,1
1262,43,1,17,5,2,2,2,3,3,3,1,6,0,9,16,807.0,2437.0,0
1263,42,1,12,2,3,3,2,2,2,2,3,7,3,8,22,855.0,2766.0,1
1265,33,1,4,5,3,2,2,4,2,2,2,11,8,5,15,775.0,3055.0,1
1266,41,1,9,1,3,3,2,3,1,3,2,5,3,1,20,548.0,2289.0,1
1267,34,1,10,1,3,1,1,4,3,3,1,15,14,1,14,1375.0,4001.0,1
1268,53,2,1,2,2,4,2,1,3,2,3,27,2,4,20,661.0,12965.0,1
1269,43,1,2,1,1,9,3,2,4,3,0,10,7,0,13,244.0,3539.0,1
1270,34,2,3,1,1,1,1,4,4,3,0,6,2,5,12,511.0,6029.0,1
1271,21,1,7,4,1,7,1,2,2,3,0,1,0,1,13,337.0,2679.0,0
1272,38,2,6,3,2,3,2,4,3,3,1,5,4,1,11,1153.0,3702.0,1
1273,22,2,8,2,2,3,2,3,1,3,0,1,0,1,17,1294.0,2398.0,0
1274,31,2,29,4,2,1,1,1,4,3,2,13,7,1,14,196.0,5468.0,1
1275,51,2,3,5,2,6,2,1,3,3,0,15,2,2,11,942.0,13116.0,1
1276,37,1,9,4,2,1,1,2,2,3,2,5,2,1,14,589.0,4189.0,1
1278,36,1,10,1,2,5,2,4,1,3,1,15,8,7,13,1383.0,8321.0,1
1279,44,1,1,2,3,2,2,3,2,2,3,6,3,1,12,429.0,2342.0,0
1280,37,1,8,3,3,9,3,3,2,2,0,19,0,2,13,1239.0,4071.0,1
1281,35,1,27,1,1,1,1,3,4,3,0,10,7,1,18,303.0,5813.0,0
1282,33,1,8,1,2,2,2,4,1,3,1,14,8,6,19,867.0,3143.0,1
1283,28,1,1,1,2,2,2,3,4,4,1,5,3,1,11,1181.0,2044.0,1
1284,39,1,10,2,1,8,2,3,3,3,0,9,3,7,21,1253.0,13464.0,1
1285,46,1,26,1,1,1,1,2,2,3,0,6,2,8,15,849.0,7991.0,1
1286,40,2,2,1,2,3,2,3,1,2,1,7,3,4,17,616.0,3377.0,1
1287,42,1,13,2,2,5,2,2,1,2,2,10,0,5,18,1128.0,5538.0,1
1288,35,1,2,2,3,4,2,2,4,3,1,15,7,2,14,1180.0,5762.0,1
1289,38,1,2,6,3,9,3,1,2,3,3,13,10,5,13,1336.0,2592.0,1
1290,34,1,9,1,2,3,2,4,1,2,1,11,1,4,17,234.0,5346.0,0
1291,37,1,10,2,1,4,2,4,1,1,0,10,3,1,15,370.0,4213.0,0
1292,39,1,20,1,3,1,1,3,4,3,1,7,1,2,18,766.0,4127.0,1
1293,43,1,9,1,1,2,2,1,3,2,0,7,2,4,13,343.0,2438.0,1
1294,41,1,5,1,1,5,2,2,2,1,0,11,2,3,12,447.0,6870.0,1
1295,41,2,4,4,3,1,1,3,3,4,1,23,14,0,13,796.0,10447.0,1
1296,30,2,10,2,1,4,2,1,3,3,0,9,7,9,14,1092.0,9667.0,1
1297,26,2,20,2,2,9,3,4,2,3,0,6,1,0,11,920.0,2148.0,0
1298,46,2,21,2,2,5,2,4,2,4,1,13,7,4,22,261.0,8926.0,0
1299,40,2,1,1,3,5,2,3,4,3,1,12,3,4,17,1194.0,6513.0,1
1300,34,1,8,5,2,1,1,2,3,3,2,10,8,1,21,810.0,6799.0,1
1301,58,1,2,2,3,6,1,2,2,2,1,37,9,4,22,350.0,16291.0,1
1302,35,1,23,2,2,3,2,2,3,4,1,6,4,0,16,185.0,2705.0,1
1303,47,2,4,1,3,4,2,3,2,3,1,28,11,8,12,1001.0,10333.0,1
1304,40,2,12,1,3,5,2,2,1,3,1,15,4,2,12,750.0,4448.0,1
1305,54,2,7,2,2,2,2,4,4,2,1,14,1,4,15,431.0,6854.0,1
1306,31,2,7,4,2,1,1,1,1,3,2,9,2,2,14,1125.0,9637.0,1
1307,28,2,1,2,2,2,2,3,1,3,1,3,2,1,25,1217.0,3591.0,1
1308,38,2,2,4,2,7,1,2,4,2,2,20,2,2,20,723.0,5405.0,1
1309,26,1,10,2,1,1,1,3,4,3,0,5,3,1,13,572.0,4684.0,1
1310,58,1,15,1,2,8,2,1,3,3,0,23,2,2,14,1216.0,15787.0,1
1311,18,2,14,2,1,2,2,2,3,1,0,0,0,1,16,1431.0,1514.0,1
1312,31,1,18,6,2,9,3,4,1,3,0,2,0,0,17,359.0,2956.0,0
1313,29,1,13,6,3,9,3,1,1,3,3,4,2,4,15,350.0,2335.0,0
1314,45,2,2,1,2,1,1,3,3,4,2,10,7,4,22,589.0,5154.0,1
1315,36,2,2,3,2,2,2,4,2,3,1,15,0,4,22,430.0,6962.0,1
1316,43,1,2,1,2,1,1,1,4,3,1,7,7,1,20,1422.0,5675.0,1
1317,27,2,5,1,1,3,2,4,4,2,0,6,4,0,14,1297.0,2379.0,1
1318,29,1,20,2,2,3,2,4,4,4,0,11,8,1,13,574.0,3812.0,1
1319,32,1,10,4,1,1,1,4,4,4,0,4,0,8,13,1318.0,4648.0,1
1320,42,1,10,5,2,2,2,3,3,2,2,10,3,3,22,355.0,2936.0,1
1321,47,2,9,1,1,3,2,2,3,3,0,7,2,4,12,207.0,2105.0,1
1322,46,1,2,1,3,4,2,4,4,2,1,12,8,3,14,706.0,8578.0,1
1323,28,1,1,1,3,9,3,3,4,3,1,3,2,1,15,280.0,2706.0,1
1324,29,1,29,1,3,5,2,4,3,3,2,11,0,8,17,726.0,6384.0,1
1325,42,1,8,1,1,3,2,4,3,3,0,8,0,4,13,1142.0,3968.0,1
1326,32,1,2,4,1,1,1,3,2,2,0,7,2,7,12,414.0,9907.0,0
1327,46,2,3,5,3,1,1,1,1,3,1,25,17,2,12,1319.0,13225.0,1
1328,27,2,23,2,2,7,1,2,3,3,1,9,8,1,21,728.0,3540.0,1
1329,29,1,6,2,2,9,3,4,2,3,0,1,0,1,11,352.0,2804.0,1
1332,29,1,24,1,1,2,2,4,4,2,0,1,0,1,24,459.0,2439.0,0
1333,46,2,10,1,2,1,1,3,2,3,3,14,7,5,21,1254.0,7314.0,0
1334,27,2,15,1,2,2,2,4,1,2,1,8,6,0,19,1131.0,4774.0,1
1335,39,1,19,3,3,2,2,4,4,3,3,7,2,8,14,835.0,3902.0,1
1336,55,1,2,5,2,2,2,2,4,4,1,19,2,8,20,836.0,2662.0,1
1337,28,2,3,2,2,7,1,2,2,3,1,1,0,1,19,1172.0,2856.0,1
1338,30,1,9,2,1,7,1,2,4,2,0,1,0,1,13,945.0,1081.0,0
1339,22,1,7,1,1,2,2,4,2,3,0,1,0,1,23,391.0,2472.0,0
1340,36,2,10,5,2,1,1,2,3,3,1,10,9,1,13,1266.0,5673.0,1
1341,31,1,20,1,3,3,2,2,3,3,1,10,8,1,11,311.0,4197.0,1
1342,34,1,4,1,2,1,1,3,4,3,3,9,3,2,13,1480.0,9713.0,1
1343,29,1,7,1,1,3,2,4,1,3,0,11,2,3,14,592.0,2062.0,1
1344,37,1,7,2,2,2,2,4,1,3,1,16,3,5,22,783.0,4284.0,1
1345,35,2,16,3,2,4,2,4,2,3,0,4,2,0,11,219.0,4788.0,1
1346,45,2,25,1,2,4,2,2,4,2,2,10,8,0,13,556.0,5906.0,1
1347,36,1,2,6,1,9,3,2,4,2,0,10,1,1,21,1213.0,3886.0,1
1348,40,1,1,1,3,6,2,1,1,3,1,22,7,2,11,1137.0,16823.0,1
1349,26,2,1,1,2,2,2,2,3,2,1,1,0,1,13,482.0,2933.0,1
1350,27,2,2,2,1,1,1,1,3,2,0,9,7,0,14,511.0,6500.0,1
1352,44,1,1,1,2,5,2,2,1,3,1,10,0,2,15,170.0,5033.0,1
1353,34,1,16,5,2,2,2,4,1,3,1,5,2,1,23,967.0,2307.0,0
1354,56,1,24,1,1,3,2,1,4,3,0,5,2,1,16,1162.0,2587.0,0
1355,36,1,17,4,2,1,1,3,2,1,2,12,2,2,16,335.0,5507.0,1
1356,41,2,8,4,2,1,1,3,2,3,1,14,4,5,21,337.0,4393.0,1
1357,42,1,6,2,2,8,2,3,1,4,1,18,7,9,13,1396.0,13348.0,1
1358,31,2,10,2,3,1,1,3,4,3,1,8,2,2,11,1079.0,6583.0,1
1359,34,2,3,2,2,1,1,4,4,2,0,9,2,3,12,735.0,8103.0,1
1360,31,2,4,2,3,3,2,1,3,2,1,4,2,8,12,471.0,3978.0,1
1361,26,1,6,3,2,3,2,3,4,3,1,8,7,0,18,1096.0,2544.0,1
1362,45,1,1,2,1,5,2,2,3,3,0,12,2,4,12,1297.0,5399.0,1
1363,33,1,10,4,1,1,1,2,3,2,0,10,4,1,14,217.0,5487.0,1
1364,28,1,1,1,2,1,1,3,4,3,1,7,7,1,12,783.0,6834.0,1
1365,29,1,24,5,1,7,1,3,1,3,0,1,0,1,17,746.0,1091.0,0
1366,39,2,21,1,2,1,1,1,3,3,1,10,2,6,19,1251.0,5736.0,1
1367,27,1,2,5,2,2,2,2,2,2,1,6,3,1,11,1354.0,2226.0,1
1368,34,1,22,3,2,2,2,3,4,3,0,16,10,1,15,735.0,5747.0,1
1369,28,2,13,4,1,1,1,4,3,3,0,6,0,3,11,1475.0,9854.0,0
1370,47,1,14,5,2,2,2,3,2,4,1,16,7,8,18,1169.0,5467.0,1
1371,56,2,11,4,2,1,1,4,1,3,1,6,0,4,16,1443.0,5380.0,1
1372,39,1,9,2,2,4,2,1,1,3,1,10,0,1,25,867.0,5151.0,1
1373,38,2,8,2,3,2,2,4,2,3,1,20,11,1,16,1394.0,2133.0,1
1375,32,2,5,1,1,2,2,1,3,3,0,8,1,3,14,238.0,2432.0,0
1376,38,1,9,1,3,2,2,2,4,4,2,10,2,2,19,1206.0,4771.0,1
1378,42,1,12,4,3,1,1,2,4,3,2,14,0,3,12,419.0,5087.0,1
1379,27,2,22,6,2,9,3,1,2,3,0,1,0,1,12,1337.0,2863.0,0
1380,35,1,18,2,2,1,1,2,1,1,1,6,3,0,16,682.0,5561.0,1
1381,28,1,16,2,1,2,2,3,3,2,0,5,3,1,14,1103.0,2144.0,1
1382,31,1,3,2,3,2,2,3,1,4,1,4,2,1,13,976.0,3065.0,1
1383,36,1,9,1,2,3,2,1,2,3,0,5,4,1,22,1351.0,2810.0,1
1384,34,1,1,4,1,1,1,1,4,2,0,14,8,1,21,937.0,9888.0,1
1385,34,1,13,2,3,1,1,4,3,2,1,9,7,1,18,1239.0,8628.0,1
1386,26,1,1,2,1,3,2,3,1,2,0,8,7,0,13,157.0,2867.0,1
1387,29,1,1,1,2,5,2,1,1,2,1,6,3,0,12,136.0,5373.0,1
1388,32,2,15,2,3,5,2,3,4,3,1,9,1,5,18,1146.0,6667.0,1
1389,31,1,1,1,2,2,2,4,1,3,0,10,8,1,21,1125.0,5003.0,1
1390,28,1,17,5,3,3,2,3,4,2,1,6,1,5,12,1404.0,2367.0,0
1391,38,1,1,1,1,7,1,1,1,2,0,20,0,4,14,1404.0,2858.0,1
1392,35,2,7,1,2,1,1,3,4,3,0,10,8,1,11,1224.0,5204.0,1
1393,27,1,9,4,1,1,1,4,4,3,0,7,7,1,14,954.0,4105.0,1
1394,32,1,5,1,1,4,2,4,4,3,0,8,0,8,24,1373.0,9679.0,1
1395,31,1,26,4,2,1,1,1,4,3,0,10,7,1,11,754.0,5617.0,0
1396,53,1,24,1,1,1,1,1,1,2,0,15,2,6,13,1168.0,10448.0,0
1397,54,2,9,1,2,2,2,1,3,2,2,9,3,3,11,155.0,2897.0,1
1398,33,1,7,1,3,5,2,4,3,3,3,9,7,1,20,1303.0,5968.0,1
1399,43,1,11,1,2,5,2,1,3,3,1,10,9,1,17,574.0,7510.0,1
1400,38,1,1,3,2,9,3,4,2,3,1,7,2,0,11,1444.0,2991.0,1
1402,31,2,2,2,3,3,2,4,4,3,3,1,0,1,11,1276.0,1129.0,1
1403,39,1,15,4,1,1,1,2,1,3,0,21,8,0,12,119.0,13341.0,1
1404,42,1,23,1,1,2,2,4,3,3,0,20,9,1,12,335.0,4332.0,1
1405,31,2,10,2,2,8,2,3,3,4,1,13,7,4,20,697.0,11031.0,1
1406,54,2,10,2,1,4,2,3,1,3,0,9,2,6,19,157.0,4440.0,1
1407,24,1,1,1,1,5,2,2,3,2,0,4,3,1,12,771.0,4617.0,1
1408,23,1,12,3,1,3,2,4,4,4,0,5,2,1,13,571.0,2647.0,1
1409,40,2,11,5,2,3,2,4,3,4,1,10,9,1,11,692.0,6323.0,1
1410,40,2,2,4,2,1,1,2,2,3,1,15,8,3,14,444.0,5677.0,1
1411,25,2,2,6,2,9,3,3,2,3,0,6,0,4,14,309.0,2187.0,1
1412,30,1,1,2,2,3,2,4,2,2,0,12,8,1,13,911.0,3748.0,1
1413,25,1,2,3,3,3,2,4,3,2,1,7,2,6,19,977.0,3977.0,1
1414,47,1,25,2,1,5,2,1,3,3,0,25,14,2,23,1180.0,8633.0,1
1415,33,1,1,2,3,3,2,2,3,2,3,1,1,1,12,1313.0,2008.0,1
1416,38,1,1,1,2,1,1,4,2,3,2,16,13,0,15,1321.0,4440.0,1
1417,31,1,2,1,2,7,1,1,3,3,1,3,2,0,19,1154.0,3067.0,1
1418,38,1,6,1,2,4,2,1,3,3,1,10,3,2,11,508.0,5321.0,1
1419,42,1,18,1,3,2,2,4,1,2,1,9,3,6,17,557.0,5410.0,1
1420,41,1,1,1,2,2,2,4,4,3,1,12,3,3,22,642.0,2782.0,1
1421,47,2,1,2,2,8,2,3,2,1,2,14,8,0,18,1162.0,11957.0,1
1422,35,1,11,2,2,3,2,4,3,3,1,5,2,7,11,1490.0,2660.0,1
1423,22,1,1,1,1,2,2,4,3,4,0,4,2,0,12,581.0,3375.0,1
1424,35,1,9,2,1,2,2,2,3,3,0,10,7,1,19,1395.0,5098.0,1
1425,33,2,15,2,2,5,2,2,4,3,1,10,7,0,13,501.0,4878.0,1
1426,32,2,29,1,1,3,2,3,2,3,0,6,2,1,13,267.0,2837.0,1
1427,40,1,1,1,2,3,2,1,4,2,2,8,0,8,19,543.0,2406.0,1
1428,32,1,1,2,2,7,1,2,2,3,1,3,2,0,14,234.0,2269.0,1
1429,39,1,24,1,1,2,2,1,4,3,0,18,7,7,13,116.0,4108.0,1
1430,38,2,10,2,2,8,2,2,3,3,1,20,16,3,12,201.0,13206.0,1
1431,32,2,1,4,2,1,1,3,4,3,2,14,10,1,19,801.0,10422.0,1
1432,37,2,10,1,2,8,2,3,4,3,1,16,11,1,25,161.0,13744.0,1
1433,25,2,8,3,3,1,1,1,3,2,1,6,3,0,22,1382.0,4907.0,1
1434,52,1,29,1,3,7,1,1,4,2,2,16,8,2,15,585.0,3482.0,1
1435,44,1,1,2,1,2,2,2,4,3,0,6,3,6,12,1037.0,2436.0,1
1436,21,1,5,2,1,7,1,3,1,3,0,2,2,1,11,501.0,2380.0,1
1438,23,1,9,4,2,7,1,4,1,2,1,1,0,1,19,638.0,1790.0,0
1439,36,2,3,2,2,1,1,1,4,3,2,10,7,0,19,557.0,7644.0,1
1440,36,2,4,1,3,4,2,4,2,3,3,18,2,7,13,688.0,5131.0,1
1441,56,1,1,1,3,5,2,3,3,2,1,13,12,1,21,667.0,6306.0,1
1442,29,1,1,2,2,2,2,1,4,4,3,4,2,9,14,1092.0,4787.0,0
1444,56,1,7,5,2,3,2,4,3,1,1,14,9,8,11,310.0,2339.0,0
1445,41,2,28,1,2,4,2,1,2,3,1,21,7,0,23,582.0,13570.0,1
1446,34,2,28,4,2,1,1,4,3,3,2,8,7,1,21,704.0,6712.0,1
1447,36,1,15,4,3,1,1,4,4,2,1,15,12,1,24,301.0,5406.0,1
1448,41,1,3,1,3,1,1,3,2,3,1,14,4,2,11,930.0,8938.0,1
1449,32,1,2,5,1,2,2,4,1,3,0,4,2,1,14,529.0,2439.0,1
1450,35,2,26,1,1,9,3,3,4,3,0,9,0,1,16,1146.0,8837.0,1
1451,38,2,10,1,2,1,1,1,4,3,1,10,7,1,11,345.0,5343.0,1
1452,50,1,1,1,3,1,1,2,3,3,2,12,3,7,12,878.0,6728.0,0
1453,36,2,11,4,2,1,1,2,4,2,1,8,3,4,13,1120.0,6652.0,1
1454,45,2,20,1,1,1,1,4,3,3,0,8,3,8,15,374.0,4850.0,1
1455,40,1,2,1,1,2,2,3,3,3,0,8,2,2,14,1322.0,2809.0,1
1456,35,1,18,1,2,5,2,3,3,4,2,10,2,1,14,1199.0,5689.0,1
1457,40,2,2,2,2,2,2,3,3,3,3,20,3,2,14,1194.0,2001.0,1
1458,35,2,1,1,2,2,2,3,4,3,1,4,3,1,12,287.0,2977.0,1
1459,29,1,13,3,2,3,2,4,2,3,1,10,3,4,13,1378.0,4025.0,1
1460,29,2,28,2,1,2,2,4,1,1,0,5,4,1,14,468.0,3785.0,1
1461,50,1,28,4,3,1,1,4,1,3,1,20,2,4,13,410.0,10854.0,0
1462,39,2,24,4,2,1,1,2,4,2,1,21,9,0,11,722.0,12031.0,1
1463,31,1,5,2,1,4,2,2,1,3,0,10,4,0,19,325.0,9936.0,1
1464,26,2,5,3,1,7,1,4,3,3,0,5,2,0,18,1167.0,2966.0,1
1465,36,1,23,2,2,3,2,3,4,3,1,17,2,4,17,884.0,2571.0,1
1466,39,1,6,2,2,5,2,4,1,3,1,9,7,4,15,613.0,9991.0,1
1467,27,1,4,1,2,4,2,2,2,3,1,6,2,1,20,155.0,6142.0,1
1468,49,1,2,2,2,1,1,4,2,2,0,17,6,2,14,1023.0,5390.0,1
1469,34,1,8,2,2,3,2,2,3,4,0,6,3,2,12,628.0,4404.0,1
